Produto;Quantidade (L.);Year;Category
VINHO DE MESA;217.208.604;1970;Producao
Tinto;174.224.052;1970;Producao
Branco;748.400;1970;Producao
Rosado;42.236.152;1970;Producao
VINHO FINO DE MESA (VINIFERA);23.899.346;1970;Producao
Tinto;7.591.557;1970;Producao
Branco;15.562.889;1970;Producao
Rosado;744.900;1970;Producao
SUCO;1.097.771;1970;Producao
Suco de uva integral;1.097.771;1970;Producao
Suco de uva concentrado;-;1970;Producao
Suco de uva adoçado;-;1970;Producao
Suco de uva orgânico;-;1970;Producao
Suco de uva reconstituído;-;1970;Producao
DERIVADOS;14.164.329;1970;Producao
Espumante;-;1970;Producao
Espumante moscatel;-;1970;Producao
Base espumante;-;1970;Producao
Base espumante moscatel;-;1970;Producao
Base Champenoise champanha;-;1970;Producao
Base Charmat champanha;-;1970;Producao
Bebida de uva;-;1970;Producao
Polpa de uva;-;1970;Producao
Mosto simples;7.170.736;1970;Producao
Mosto concentrado;-;1970;Producao
Mosto de uva com bagaço;-;1970;Producao
Mosto dessulfitado;-;1970;Producao
Mistelas;1.072.100;1970;Producao
Néctar de uva;-;1970;Producao
Licorosos;282.500;1970;Producao
Compostos;-;1970;Producao
Jeropiga;-;1970;Producao
Filtrado;-;1970;Producao
Frisante;-;1970;Producao
Vinho leve;-;1970;Producao
Vinho licoroso;-;1970;Producao
Brandy;-;1970;Producao
Destilado;830.030;1970;Producao
Bagaceira;961.290;1970;Producao
Licor de bagaceira;-;1970;Producao
Vinagre;-;1970;Producao
Borra líquida;3.847.673;1970;Producao
Borra seca;-;1970;Producao
Vinho Composto;-;1970;Producao
Pisco;-;1970;Producao
Vinho orgânico;-;1970;Producao
Espumante orgânico;-;1970;Producao
Destilado alcoólico simples de bagaceira;-;1970;Producao
Vinho acidificado;-;1970;Producao
Mosto parcialmente fermentado;-;1970;Producao
Outros derivados;-;1970;Producao
Total;256.370.050;1970;Producao
VINHO DE MESA;154.264.651;1971;Producao
Tinto;121.133.369;1971;Producao
Branco;1.160.500;1971;Producao
Rosado;31.970.782;1971;Producao
VINHO FINO DE MESA (VINIFERA);23.586.062;1971;Producao
Tinto;7.265.666;1971;Producao
Branco;15.655.709;1971;Producao
Rosado;664.687;1971;Producao
SUCO;2.296.654;1971;Producao
Suco de uva integral;2.296.654;1971;Producao
Suco de uva concentrado;-;1971;Producao
Suco de uva adoçado;-;1971;Producao
Suco de uva orgânico;-;1971;Producao
Suco de uva reconstituído;-;1971;Producao
DERIVADOS;13.280.518;1971;Producao
Espumante;-;1971;Producao
Espumante moscatel;-;1971;Producao
Base espumante;-;1971;Producao
Base espumante moscatel;-;1971;Producao
Base Champenoise champanha;-;1971;Producao
Base Charmat champanha;-;1971;Producao
Bebida de uva;-;1971;Producao
Polpa de uva;-;1971;Producao
Mosto simples;7.646.774;1971;Producao
Mosto concentrado;-;1971;Producao
Mosto de uva com bagaço;-;1971;Producao
Mosto dessulfitado;-;1971;Producao
Mistelas;818.400;1971;Producao
Néctar de uva;-;1971;Producao
Licorosos;270.000;1971;Producao
Compostos;45.000;1971;Producao
Jeropiga;-;1971;Producao
Filtrado;-;1971;Producao
Frisante;-;1971;Producao
Vinho leve;-;1971;Producao
Vinho licoroso;-;1971;Producao
Brandy;-;1971;Producao
Destilado;-;1971;Producao
Bagaceira;913.200;1971;Producao
Licor de bagaceira;-;1971;Producao
Vinagre;21.500;1971;Producao
Borra líquida;3.565.644;1971;Producao
Borra seca;-;1971;Producao
Vinho Composto;-;1971;Producao
Pisco;-;1971;Producao
Vinho orgânico;-;1971;Producao
Espumante orgânico;-;1971;Producao
Destilado alcoólico simples de bagaceira;-;1971;Producao
Vinho acidificado;-;1971;Producao
Mosto parcialmente fermentado;-;1971;Producao
Outros derivados;-;1971;Producao
Total;193.427.885;1971;Producao
VINHO DE MESA;146.953.297;1972;Producao
Tinto;118.180.926;1972;Producao
Branco;1.812.367;1972;Producao
Rosado;26.960.004;1972;Producao
VINHO FINO DE MESA (VINIFERA);21.078.771;1972;Producao
Tinto;6.782.837;1972;Producao
Branco;13.289.304;1972;Producao
Rosado;1.006.630;1972;Producao
SUCO;3.509.440;1972;Producao
Suco de uva integral;3.509.440;1972;Producao
Suco de uva concentrado;-;1972;Producao
Suco de uva adoçado;-;1972;Producao
Suco de uva orgânico;-;1972;Producao
Suco de uva reconstituído;-;1972;Producao
DERIVADOS;12.314.509;1972;Producao
Espumante;-;1972;Producao
Espumante moscatel;-;1972;Producao
Base espumante;-;1972;Producao
Base espumante moscatel;-;1972;Producao
Base Champenoise champanha;-;1972;Producao
Base Charmat champanha;-;1972;Producao
Bebida de uva;-;1972;Producao
Polpa de uva;-;1972;Producao
Mosto simples;6.051.822;1972;Producao
Mosto concentrado;-;1972;Producao
Mosto de uva com bagaço;-;1972;Producao
Mosto dessulfitado;-;1972;Producao
Mistelas;871.200;1972;Producao
Néctar de uva;-;1972;Producao
Licorosos;254.600;1972;Producao
Compostos;1.358.300;1972;Producao
Jeropiga;-;1972;Producao
Filtrado;-;1972;Producao
Frisante;-;1972;Producao
Vinho leve;-;1972;Producao
Vinho licoroso;-;1972;Producao
Brandy;-;1972;Producao
Destilado;-;1972;Producao
Bagaceira;755.350;1972;Producao
Licor de bagaceira;-;1972;Producao
Vinagre;8.200;1972;Producao
Borra líquida;3.015.037;1972;Producao
Borra seca;-;1972;Producao
Vinho Composto;-;1972;Producao
Pisco;-;1972;Producao
Vinho orgânico;-;1972;Producao
Espumante orgânico;-;1972;Producao
Destilado alcoólico simples de bagaceira;-;1972;Producao
Vinho acidificado;-;1972;Producao
Mosto parcialmente fermentado;-;1972;Producao
Outros derivados;-;1972;Producao
Total;183.856.017;1972;Producao
VINHO DE MESA;116.710.345;1973;Producao
Tinto;88.589.019;1973;Producao
Branco;243.900;1973;Producao
Rosado;27.877.426;1973;Producao
VINHO FINO DE MESA (VINIFERA);12.368.410;1973;Producao
Tinto;3.419.625;1973;Producao
Branco;7.930.070;1973;Producao
Rosado;1.018.715;1973;Producao
SUCO;-;1973;Producao
Suco de uva integral;-;1973;Producao
Suco de uva concentrado;-;1973;Producao
Suco de uva adoçado;-;1973;Producao
Suco de uva orgânico;-;1973;Producao
Suco de uva reconstituído;-;1973;Producao
DERIVADOS;28.317.919;1973;Producao
Espumante;-;1973;Producao
Espumante moscatel;-;1973;Producao
Base espumante;-;1973;Producao
Base espumante moscatel;-;1973;Producao
Base Champenoise champanha;-;1973;Producao
Base Charmat champanha;-;1973;Producao
Bebida de uva;-;1973;Producao
Polpa de uva;-;1973;Producao
Mosto simples;21.779.327;1973;Producao
Mosto concentrado;-;1973;Producao
Mosto de uva com bagaço;-;1973;Producao
Mosto dessulfitado;-;1973;Producao
Mistelas;512.900;1973;Producao
Néctar de uva;-;1973;Producao
Licorosos;176.500;1973;Producao
Compostos;1.628.000;1973;Producao
Jeropiga;-;1973;Producao
Filtrado;-;1973;Producao
Frisante;-;1973;Producao
Vinho leve;-;1973;Producao
Vinho licoroso;-;1973;Producao
Brandy;-;1973;Producao
Destilado;-;1973;Producao
Bagaceira;661.270;1973;Producao
Licor de bagaceira;-;1973;Producao
Vinagre;-;1973;Producao
Borra líquida;3.559.922;1973;Producao
Borra seca;-;1973;Producao
Vinho Composto;-;1973;Producao
Pisco;-;1973;Producao
Vinho orgânico;-;1973;Producao
Espumante orgânico;-;1973;Producao
Destilado alcoólico simples de bagaceira;-;1973;Producao
Vinho acidificado;-;1973;Producao
Mosto parcialmente fermentado;-;1973;Producao
Outros derivados;-;1973;Producao
Total;157.396.674;1973;Producao
VINHO DE MESA;193.875.345;1974;Producao
Tinto;146.544.484;1974;Producao
Branco;4.138.768;1974;Producao
Rosado;43.192.093;1974;Producao
VINHO FINO DE MESA (VINIFERA);31.644.124;1974;Producao
Tinto;10.047.658;1974;Producao
Branco;18.927.471;1974;Producao
Rosado;2.668.995;1974;Producao
SUCO;-;1974;Producao
Suco de uva integral;-;1974;Producao
Suco de uva concentrado;-;1974;Producao
Suco de uva adoçado;-;1974;Producao
Suco de uva orgânico;-;1974;Producao
Suco de uva reconstituído;-;1974;Producao
DERIVADOS;47.904.934;1974;Producao
Espumante;-;1974;Producao
Espumante moscatel;-;1974;Producao
Base espumante;-;1974;Producao
Base espumante moscatel;-;1974;Producao
Base Champenoise champanha;-;1974;Producao
Base Charmat champanha;-;1974;Producao
Bebida de uva;-;1974;Producao
Polpa de uva;-;1974;Producao
Mosto simples;41.346.735;1974;Producao
Mosto concentrado;-;1974;Producao
Mosto de uva com bagaço;-;1974;Producao
Mosto dessulfitado;-;1974;Producao
Mistelas;826.300;1974;Producao
Néctar de uva;-;1974;Producao
Licorosos;135.000;1974;Producao
Compostos;-;1974;Producao
Jeropiga;-;1974;Producao
Filtrado;-;1974;Producao
Frisante;-;1974;Producao
Vinho leve;-;1974;Producao
Vinho licoroso;-;1974;Producao
Brandy;-;1974;Producao
Destilado;-;1974;Producao
Bagaceira;424.620;1974;Producao
Licor de bagaceira;-;1974;Producao
Vinagre;35.300;1974;Producao
Borra líquida;5.136.979;1974;Producao
Borra seca;-;1974;Producao
Vinho Composto;-;1974;Producao
Pisco;-;1974;Producao
Vinho orgânico;-;1974;Producao
Espumante orgânico;-;1974;Producao
Destilado alcoólico simples de bagaceira;-;1974;Producao
Vinho acidificado;-;1974;Producao
Mosto parcialmente fermentado;-;1974;Producao
Outros derivados;-;1974;Producao
Total;273.424.403;1974;Producao
VINHO DE MESA;177.401.209;1975;Producao
Tinto;144.274.134;1975;Producao
Branco;1.441.507;1975;Producao
Rosado;31.685.568;1975;Producao
VINHO FINO DE MESA (VINIFERA);39.424.590;1975;Producao
Tinto;14.731.106;1975;Producao
Branco;21.933.695;1975;Producao
Rosado;2.759.789;1975;Producao
SUCO;-;1975;Producao
Suco de uva integral;-;1975;Producao
Suco de uva concentrado;-;1975;Producao
Suco de uva adoçado;-;1975;Producao
Suco de uva orgânico;-;1975;Producao
Suco de uva reconstituído;-;1975;Producao
DERIVADOS;53.633.143;1975;Producao
Espumante;-;1975;Producao
Espumante moscatel;-;1975;Producao
Base espumante;-;1975;Producao
Base espumante moscatel;-;1975;Producao
Base Champenoise champanha;-;1975;Producao
Base Charmat champanha;-;1975;Producao
Bebida de uva;-;1975;Producao
Polpa de uva;-;1975;Producao
Mosto simples;48.185.206;1975;Producao
Mosto concentrado;-;1975;Producao
Mosto de uva com bagaço;-;1975;Producao
Mosto dessulfitado;-;1975;Producao
Mistelas;223.000;1975;Producao
Néctar de uva;-;1975;Producao
Licorosos;24.000;1975;Producao
Compostos;-;1975;Producao
Jeropiga;-;1975;Producao
Filtrado;-;1975;Producao
Frisante;-;1975;Producao
Vinho leve;-;1975;Producao
Vinho licoroso;-;1975;Producao
Brandy;-;1975;Producao
Destilado;-;1975;Producao
Bagaceira;576.098;1975;Producao
Licor de bagaceira;-;1975;Producao
Vinagre;-;1975;Producao
Borra líquida;4.624.839;1975;Producao
Borra seca;-;1975;Producao
Vinho Composto;-;1975;Producao
Pisco;-;1975;Producao
Vinho orgânico;-;1975;Producao
Espumante orgânico;-;1975;Producao
Destilado alcoólico simples de bagaceira;-;1975;Producao
Vinho acidificado;-;1975;Producao
Mosto parcialmente fermentado;-;1975;Producao
Outros derivados;-;1975;Producao
Total;270.458.942;1975;Producao
VINHO DE MESA;144.565.438;1976;Producao
Tinto;118.360.170;1976;Producao
Branco;1.871.473;1976;Producao
Rosado;24.333.795;1976;Producao
VINHO FINO DE MESA (VINIFERA);34.500.590;1976;Producao
Tinto;12.405.154;1976;Producao
Branco;19.874.659;1976;Producao
Rosado;2.220.777;1976;Producao
SUCO;-;1976;Producao
Suco de uva integral;-;1976;Producao
Suco de uva concentrado;-;1976;Producao
Suco de uva adoçado;-;1976;Producao
Suco de uva orgânico;-;1976;Producao
Suco de uva reconstituído;-;1976;Producao
DERIVADOS;22.925.012;1976;Producao
Espumante;-;1976;Producao
Espumante moscatel;-;1976;Producao
Base espumante;-;1976;Producao
Base espumante moscatel;-;1976;Producao
Base Champenoise champanha;-;1976;Producao
Base Charmat champanha;-;1976;Producao
Bebida de uva;-;1976;Producao
Polpa de uva;-;1976;Producao
Mosto simples;18.220.527;1976;Producao
Mosto concentrado;-;1976;Producao
Mosto de uva com bagaço;-;1976;Producao
Mosto dessulfitado;-;1976;Producao
Mistelas;205.500;1976;Producao
Néctar de uva;-;1976;Producao
Licorosos;4.400;1976;Producao
Compostos;-;1976;Producao
Jeropiga;107.500;1976;Producao
Filtrado;-;1976;Producao
Frisante;-;1976;Producao
Vinho leve;-;1976;Producao
Vinho licoroso;-;1976;Producao
Brandy;-;1976;Producao
Destilado;-;1976;Producao
Bagaceira;705.912;1976;Producao
Licor de bagaceira;-;1976;Producao
Vinagre;288.000;1976;Producao
Borra líquida;3.393.173;1976;Producao
Borra seca;-;1976;Producao
Vinho Composto;-;1976;Producao
Pisco;-;1976;Producao
Vinho orgânico;-;1976;Producao
Espumante orgânico;-;1976;Producao
Destilado alcoólico simples de bagaceira;-;1976;Producao
Vinho acidificado;-;1976;Producao
Mosto parcialmente fermentado;-;1976;Producao
Outros derivados;-;1976;Producao
Total;201.991.040;1976;Producao
VINHO DE MESA;195.359.778;1977;Producao
Tinto;154.801.826;1977;Producao
Branco;4.954.387;1977;Producao
Rosado;35.603.565;1977;Producao
VINHO FINO DE MESA (VINIFERA);41.264.971;1977;Producao
Tinto;16.131.758;1977;Producao
Branco;20.409.231;1977;Producao
Rosado;4.723.982;1977;Producao
SUCO;-;1977;Producao
Suco de uva integral;-;1977;Producao
Suco de uva concentrado;-;1977;Producao
Suco de uva adoçado;-;1977;Producao
Suco de uva orgânico;-;1977;Producao
Suco de uva reconstituído;-;1977;Producao
DERIVADOS;24.015.856;1977;Producao
Espumante;-;1977;Producao
Espumante moscatel;-;1977;Producao
Base espumante;-;1977;Producao
Base espumante moscatel;-;1977;Producao
Base Champenoise champanha;-;1977;Producao
Base Charmat champanha;-;1977;Producao
Bebida de uva;-;1977;Producao
Polpa de uva;-;1977;Producao
Mosto simples;22.097.156;1977;Producao
Mosto concentrado;-;1977;Producao
Mosto de uva com bagaço;-;1977;Producao
Mosto dessulfitado;-;1977;Producao
Mistelas;553.200;1977;Producao
Néctar de uva;-;1977;Producao
Licorosos;525.000;1977;Producao
Compostos;-;1977;Producao
Jeropiga;12.500;1977;Producao
Filtrado;-;1977;Producao
Frisante;-;1977;Producao
Vinho leve;-;1977;Producao
Vinho licoroso;-;1977;Producao
Brandy;-;1977;Producao
Destilado;-;1977;Producao
Bagaceira;828.000;1977;Producao
Licor de bagaceira;-;1977;Producao
Vinagre;-;1977;Producao
Borra líquida;-;1977;Producao
Borra seca;-;1977;Producao
Vinho Composto;-;1977;Producao
Pisco;-;1977;Producao
Vinho orgânico;-;1977;Producao
Espumante orgânico;-;1977;Producao
Destilado alcoólico simples de bagaceira;-;1977;Producao
Vinho acidificado;-;1977;Producao
Mosto parcialmente fermentado;-;1977;Producao
Outros derivados;-;1977;Producao
Total;260.640.605;1977;Producao
VINHO DE MESA;200.053.669;1978;Producao
Tinto;162.917.363;1978;Producao
Branco;5.079.748;1978;Producao
Rosado;32.056.558;1978;Producao
VINHO FINO DE MESA (VINIFERA);36.750.933;1978;Producao
Tinto;15.000.671;1978;Producao
Branco;17.640.081;1978;Producao
Rosado;4.110.181;1978;Producao
SUCO;-;1978;Producao
Suco de uva integral;-;1978;Producao
Suco de uva concentrado;-;1978;Producao
Suco de uva adoçado;-;1978;Producao
Suco de uva orgânico;-;1978;Producao
Suco de uva reconstituído;-;1978;Producao
DERIVADOS;41.607.777;1978;Producao
Espumante;-;1978;Producao
Espumante moscatel;-;1978;Producao
Base espumante;-;1978;Producao
Base espumante moscatel;-;1978;Producao
Base Champenoise champanha;-;1978;Producao
Base Charmat champanha;-;1978;Producao
Bebida de uva;-;1978;Producao
Polpa de uva;-;1978;Producao
Mosto simples;40.052.456;1978;Producao
Mosto concentrado;-;1978;Producao
Mosto de uva com bagaço;-;1978;Producao
Mosto dessulfitado;-;1978;Producao
Mistelas;242.150;1978;Producao
Néctar de uva;-;1978;Producao
Licorosos;479.971;1978;Producao
Compostos;75.000;1978;Producao
Jeropiga;60.000;1978;Producao
Filtrado;-;1978;Producao
Frisante;-;1978;Producao
Vinho leve;-;1978;Producao
Vinho licoroso;-;1978;Producao
Brandy;-;1978;Producao
Destilado;-;1978;Producao
Bagaceira;698.200;1978;Producao
Licor de bagaceira;-;1978;Producao
Vinagre;-;1978;Producao
Borra líquida;-;1978;Producao
Borra seca;-;1978;Producao
Vinho Composto;-;1978;Producao
Pisco;-;1978;Producao
Vinho orgânico;-;1978;Producao
Espumante orgânico;-;1978;Producao
Destilado alcoólico simples de bagaceira;-;1978;Producao
Vinho acidificado;-;1978;Producao
Mosto parcialmente fermentado;-;1978;Producao
Outros derivados;-;1978;Producao
Total;278.412.379;1978;Producao
VINHO DE MESA;211.252.982;1979;Producao
Tinto;154.736.439;1979;Producao
Branco;7.146.395;1979;Producao
Rosado;49.370.148;1979;Producao
VINHO FINO DE MESA (VINIFERA);46.129.710;1979;Producao
Tinto;14.356.453;1979;Producao
Branco;25.727.132;1979;Producao
Rosado;6.046.125;1979;Producao
SUCO;-;1979;Producao
Suco de uva integral;-;1979;Producao
Suco de uva concentrado;-;1979;Producao
Suco de uva adoçado;-;1979;Producao
Suco de uva orgânico;-;1979;Producao
Suco de uva reconstituído;-;1979;Producao
DERIVADOS;35.370.846;1979;Producao
Espumante;-;1979;Producao
Espumante moscatel;-;1979;Producao
Base espumante;-;1979;Producao
Base espumante moscatel;-;1979;Producao
Base Champenoise champanha;-;1979;Producao
Base Charmat champanha;-;1979;Producao
Bebida de uva;-;1979;Producao
Polpa de uva;-;1979;Producao
Mosto simples;34.318.456;1979;Producao
Mosto concentrado;-;1979;Producao
Mosto de uva com bagaço;-;1979;Producao
Mosto dessulfitado;-;1979;Producao
Mistelas;60.300;1979;Producao
Néctar de uva;-;1979;Producao
Licorosos;34.000;1979;Producao
Compostos;-;1979;Producao
Jeropiga;20.000;1979;Producao
Filtrado;-;1979;Producao
Frisante;-;1979;Producao
Vinho leve;-;1979;Producao
Vinho licoroso;-;1979;Producao
Brandy;-;1979;Producao
Destilado;-;1979;Producao
Bagaceira;938.090;1979;Producao
Licor de bagaceira;-;1979;Producao
Vinagre;-;1979;Producao
Borra líquida;-;1979;Producao
Borra seca;-;1979;Producao
Vinho Composto;-;1979;Producao
Pisco;-;1979;Producao
Vinho orgânico;-;1979;Producao
Espumante orgânico;-;1979;Producao
Destilado alcoólico simples de bagaceira;-;1979;Producao
Vinho acidificado;-;1979;Producao
Mosto parcialmente fermentado;-;1979;Producao
Outros derivados;-;1979;Producao
Total;292.753.538;1979;Producao
VINHO DE MESA;130.308.185;1980;Producao
Tinto;101.659.755;1980;Producao
Branco;5.363.452;1980;Producao
Rosado;23.284.978;1980;Producao
VINHO FINO DE MESA (VINIFERA);31.740.663;1980;Producao
Tinto;9.296.741;1980;Producao
Branco;19.326.572;1980;Producao
Rosado;3.117.350;1980;Producao
SUCO;-;1980;Producao
Suco de uva integral;-;1980;Producao
Suco de uva concentrado;-;1980;Producao
Suco de uva adoçado;-;1980;Producao
Suco de uva orgânico;-;1980;Producao
Suco de uva reconstituído;-;1980;Producao
DERIVADOS;37.553.414;1980;Producao
Espumante;-;1980;Producao
Espumante moscatel;-;1980;Producao
Base espumante;-;1980;Producao
Base espumante moscatel;-;1980;Producao
Base Champenoise champanha;-;1980;Producao
Base Charmat champanha;-;1980;Producao
Bebida de uva;-;1980;Producao
Polpa de uva;-;1980;Producao
Mosto simples;37.553.414;1980;Producao
Mosto concentrado;-;1980;Producao
Mosto de uva com bagaço;-;1980;Producao
Mosto dessulfitado;-;1980;Producao
Mistelas;-;1980;Producao
Néctar de uva;-;1980;Producao
Licorosos;-;1980;Producao
Compostos;-;1980;Producao
Jeropiga;-;1980;Producao
Filtrado;-;1980;Producao
Frisante;-;1980;Producao
Vinho leve;-;1980;Producao
Vinho licoroso;-;1980;Producao
Brandy;-;1980;Producao
Destilado;-;1980;Producao
Bagaceira;-;1980;Producao
Licor de bagaceira;-;1980;Producao
Vinagre;-;1980;Producao
Borra líquida;-;1980;Producao
Borra seca;-;1980;Producao
Vinho Composto;-;1980;Producao
Pisco;-;1980;Producao
Vinho orgânico;-;1980;Producao
Espumante orgânico;-;1980;Producao
Destilado alcoólico simples de bagaceira;-;1980;Producao
Vinho acidificado;-;1980;Producao
Mosto parcialmente fermentado;-;1980;Producao
Outros derivados;-;1980;Producao
Total;199.602.262;1980;Producao
VINHO DE MESA;186.129.728;1981;Producao
Tinto;134.156.175;1981;Producao
Branco;12.547.739;1981;Producao
Rosado;39.425.814;1981;Producao
VINHO FINO DE MESA (VINIFERA);49.348.047;1981;Producao
Tinto;16.036.963;1981;Producao
Branco;27.528.276;1981;Producao
Rosado;5.782.808;1981;Producao
SUCO;-;1981;Producao
Suco de uva integral;-;1981;Producao
Suco de uva concentrado;-;1981;Producao
Suco de uva adoçado;-;1981;Producao
Suco de uva orgânico;-;1981;Producao
Suco de uva reconstituído;-;1981;Producao
DERIVADOS;52.530.037;1981;Producao
Espumante;-;1981;Producao
Espumante moscatel;-;1981;Producao
Base espumante;-;1981;Producao
Base espumante moscatel;-;1981;Producao
Base Champenoise champanha;-;1981;Producao
Base Charmat champanha;-;1981;Producao
Bebida de uva;-;1981;Producao
Polpa de uva;-;1981;Producao
Mosto simples;48.762.185;1981;Producao
Mosto concentrado;-;1981;Producao
Mosto de uva com bagaço;-;1981;Producao
Mosto dessulfitado;-;1981;Producao
Mistelas;-;1981;Producao
Néctar de uva;-;1981;Producao
Licorosos;-;1981;Producao
Compostos;-;1981;Producao
Jeropiga;-;1981;Producao
Filtrado;-;1981;Producao
Frisante;-;1981;Producao
Vinho leve;-;1981;Producao
Vinho licoroso;-;1981;Producao
Brandy;-;1981;Producao
Destilado;-;1981;Producao
Bagaceira;-;1981;Producao
Licor de bagaceira;-;1981;Producao
Vinagre;-;1981;Producao
Borra líquida;3.767.852;1981;Producao
Borra seca;-;1981;Producao
Vinho Composto;-;1981;Producao
Pisco;-;1981;Producao
Vinho orgânico;-;1981;Producao
Espumante orgânico;-;1981;Producao
Destilado alcoólico simples de bagaceira;-;1981;Producao
Vinho acidificado;-;1981;Producao
Mosto parcialmente fermentado;-;1981;Producao
Outros derivados;-;1981;Producao
Total;288.007.812;1981;Producao
VINHO DE MESA;234.754.564;1982;Producao
Tinto;183.349.460;1982;Producao
Branco;15.782.499;1982;Producao
Rosado;35.622.605;1982;Producao
VINHO FINO DE MESA (VINIFERA);57.453.581;1982;Producao
Tinto;19.987.588;1982;Producao
Branco;34.423.412;1982;Producao
Rosado;3.042.581;1982;Producao
SUCO;-;1982;Producao
Suco de uva integral;-;1982;Producao
Suco de uva concentrado;-;1982;Producao
Suco de uva adoçado;-;1982;Producao
Suco de uva orgânico;-;1982;Producao
Suco de uva reconstituído;-;1982;Producao
DERIVADOS;37.506.770;1982;Producao
Espumante;-;1982;Producao
Espumante moscatel;-;1982;Producao
Base espumante;-;1982;Producao
Base espumante moscatel;-;1982;Producao
Base Champenoise champanha;-;1982;Producao
Base Charmat champanha;-;1982;Producao
Bebida de uva;-;1982;Producao
Polpa de uva;-;1982;Producao
Mosto simples;37.506.770;1982;Producao
Mosto concentrado;-;1982;Producao
Mosto de uva com bagaço;-;1982;Producao
Mosto dessulfitado;-;1982;Producao
Mistelas;-;1982;Producao
Néctar de uva;-;1982;Producao
Licorosos;-;1982;Producao
Compostos;-;1982;Producao
Jeropiga;-;1982;Producao
Filtrado;-;1982;Producao
Frisante;-;1982;Producao
Vinho leve;-;1982;Producao
Vinho licoroso;-;1982;Producao
Brandy;-;1982;Producao
Destilado;-;1982;Producao
Bagaceira;-;1982;Producao
Licor de bagaceira;-;1982;Producao
Vinagre;-;1982;Producao
Borra líquida;-;1982;Producao
Borra seca;-;1982;Producao
Vinho Composto;-;1982;Producao
Pisco;-;1982;Producao
Vinho orgânico;-;1982;Producao
Espumante orgânico;-;1982;Producao
Destilado alcoólico simples de bagaceira;-;1982;Producao
Vinho acidificado;-;1982;Producao
Mosto parcialmente fermentado;-;1982;Producao
Outros derivados;-;1982;Producao
Total;329.714.915;1982;Producao
VINHO DE MESA;120.261.544;1983;Producao
Tinto;87.080.528;1983;Producao
Branco;12.191.896;1983;Producao
Rosado;20.989.120;1983;Producao
VINHO FINO DE MESA (VINIFERA);40.616.812;1983;Producao
Tinto;14.340.514;1983;Producao
Branco;24.164.361;1983;Producao
Rosado;2.111.937;1983;Producao
SUCO;-;1983;Producao
Suco de uva integral;-;1983;Producao
Suco de uva concentrado;-;1983;Producao
Suco de uva adoçado;-;1983;Producao
Suco de uva orgânico;-;1983;Producao
Suco de uva reconstituído;-;1983;Producao
DERIVADOS;27.314.628;1983;Producao
Espumante;-;1983;Producao
Espumante moscatel;-;1983;Producao
Base espumante;-;1983;Producao
Base espumante moscatel;-;1983;Producao
Base Champenoise champanha;-;1983;Producao
Base Charmat champanha;-;1983;Producao
Bebida de uva;-;1983;Producao
Polpa de uva;-;1983;Producao
Mosto simples;27.314.628;1983;Producao
Mosto concentrado;-;1983;Producao
Mosto de uva com bagaço;-;1983;Producao
Mosto dessulfitado;-;1983;Producao
Mistelas;-;1983;Producao
Néctar de uva;-;1983;Producao
Licorosos;-;1983;Producao
Compostos;-;1983;Producao
Jeropiga;-;1983;Producao
Filtrado;-;1983;Producao
Frisante;-;1983;Producao
Vinho leve;-;1983;Producao
Vinho licoroso;-;1983;Producao
Brandy;-;1983;Producao
Destilado;-;1983;Producao
Bagaceira;-;1983;Producao
Licor de bagaceira;-;1983;Producao
Vinagre;-;1983;Producao
Borra líquida;-;1983;Producao
Borra seca;-;1983;Producao
Vinho Composto;-;1983;Producao
Pisco;-;1983;Producao
Vinho orgânico;-;1983;Producao
Espumante orgânico;-;1983;Producao
Destilado alcoólico simples de bagaceira;-;1983;Producao
Vinho acidificado;-;1983;Producao
Mosto parcialmente fermentado;-;1983;Producao
Outros derivados;-;1983;Producao
Total;188.192.984;1983;Producao
VINHO DE MESA;177.680.331;1984;Producao
Tinto;119.615.028;1984;Producao
Branco;19.502.230;1984;Producao
Rosado;38.563.073;1984;Producao
VINHO FINO DE MESA (VINIFERA);48.289.279;1984;Producao
Tinto;15.777.602;1984;Producao
Branco;30.395.959;1984;Producao
Rosado;2.115.718;1984;Producao
SUCO;-;1984;Producao
Suco de uva integral;-;1984;Producao
Suco de uva concentrado;-;1984;Producao
Suco de uva adoçado;-;1984;Producao
Suco de uva orgânico;-;1984;Producao
Suco de uva reconstituído;-;1984;Producao
DERIVADOS;17.331.744;1984;Producao
Espumante;-;1984;Producao
Espumante moscatel;-;1984;Producao
Base espumante;-;1984;Producao
Base espumante moscatel;-;1984;Producao
Base Champenoise champanha;-;1984;Producao
Base Charmat champanha;-;1984;Producao
Bebida de uva;-;1984;Producao
Polpa de uva;-;1984;Producao
Mosto simples;17.331.744;1984;Producao
Mosto concentrado;-;1984;Producao
Mosto de uva com bagaço;-;1984;Producao
Mosto dessulfitado;-;1984;Producao
Mistelas;-;1984;Producao
Néctar de uva;-;1984;Producao
Licorosos;-;1984;Producao
Compostos;-;1984;Producao
Jeropiga;-;1984;Producao
Filtrado;-;1984;Producao
Frisante;-;1984;Producao
Vinho leve;-;1984;Producao
Vinho licoroso;-;1984;Producao
Brandy;-;1984;Producao
Destilado;-;1984;Producao
Bagaceira;-;1984;Producao
Licor de bagaceira;-;1984;Producao
Vinagre;-;1984;Producao
Borra líquida;-;1984;Producao
Borra seca;-;1984;Producao
Vinho Composto;-;1984;Producao
Pisco;-;1984;Producao
Vinho orgânico;-;1984;Producao
Espumante orgânico;-;1984;Producao
Destilado alcoólico simples de bagaceira;-;1984;Producao
Vinho acidificado;-;1984;Producao
Mosto parcialmente fermentado;-;1984;Producao
Outros derivados;-;1984;Producao
Total;243.301.354;1984;Producao
VINHO DE MESA;275.338.955;1985;Producao
Tinto;216.732.390;1985;Producao
Branco;23.010.666;1985;Producao
Rosado;35.595.899;1985;Producao
VINHO FINO DE MESA (VINIFERA);67.035.393;1985;Producao
Tinto;19.347.979;1985;Producao
Branco;44.679.484;1985;Producao
Rosado;3.007.930;1985;Producao
SUCO;6.631.667;1985;Producao
Suco de uva integral;3.544.706;1985;Producao
Suco de uva concentrado;3.086.961;1985;Producao
Suco de uva adoçado;-;1985;Producao
Suco de uva orgânico;-;1985;Producao
Suco de uva reconstituído;-;1985;Producao
DERIVADOS;17.336.419;1985;Producao
Espumante;-;1985;Producao
Espumante moscatel;-;1985;Producao
Base espumante;-;1985;Producao
Base espumante moscatel;-;1985;Producao
Base Champenoise champanha;-;1985;Producao
Base Charmat champanha;-;1985;Producao
Bebida de uva;-;1985;Producao
Polpa de uva;-;1985;Producao
Mosto simples;10.637.557;1985;Producao
Mosto concentrado;354.707;1985;Producao
Mosto de uva com bagaço;-;1985;Producao
Mosto dessulfitado;-;1985;Producao
Mistelas;-;1985;Producao
Néctar de uva;-;1985;Producao
Licorosos;-;1985;Producao
Compostos;-;1985;Producao
Jeropiga;234.500;1985;Producao
Filtrado;-;1985;Producao
Frisante;-;1985;Producao
Vinho leve;-;1985;Producao
Vinho licoroso;-;1985;Producao
Brandy;13.000;1985;Producao
Destilado;342.650;1985;Producao
Bagaceira;299.500;1985;Producao
Licor de bagaceira;-;1985;Producao
Vinagre;104.707;1985;Producao
Borra líquida;5.095.798;1985;Producao
Borra seca;-;1985;Producao
Vinho Composto;-;1985;Producao
Pisco;-;1985;Producao
Vinho orgânico;254.000;1985;Producao
Espumante orgânico;-;1985;Producao
Destilado alcoólico simples de bagaceira;-;1985;Producao
Vinho acidificado;-;1985;Producao
Mosto parcialmente fermentado;-;1985;Producao
Outros derivados;-;1985;Producao
Total;366.342.434;1985;Producao
VINHO DE MESA;157.711.522;1986;Producao
Tinto;118.766.694;1986;Producao
Branco;16.872.183;1986;Producao
Rosado;22.072.645;1986;Producao
VINHO FINO DE MESA (VINIFERA);48.559.180;1986;Producao
Tinto;12.282.967;1986;Producao
Branco;34.794.145;1986;Producao
Rosado;1.482.068;1986;Producao
SUCO;4.313.768;1986;Producao
Suco de uva integral;2.116.507;1986;Producao
Suco de uva concentrado;2.197.261;1986;Producao
Suco de uva adoçado;-;1986;Producao
Suco de uva orgânico;-;1986;Producao
Suco de uva reconstituído;-;1986;Producao
DERIVADOS;14.785.645;1986;Producao
Espumante;-;1986;Producao
Espumante moscatel;-;1986;Producao
Base espumante;-;1986;Producao
Base espumante moscatel;-;1986;Producao
Base Champenoise champanha;-;1986;Producao
Base Charmat champanha;-;1986;Producao
Bebida de uva;-;1986;Producao
Polpa de uva;-;1986;Producao
Mosto simples;7.031.320;1986;Producao
Mosto concentrado;295.800;1986;Producao
Mosto de uva com bagaço;-;1986;Producao
Mosto dessulfitado;-;1986;Producao
Mistelas;378.400;1986;Producao
Néctar de uva;-;1986;Producao
Licorosos;-;1986;Producao
Compostos;-;1986;Producao
Jeropiga;173.000;1986;Producao
Filtrado;-;1986;Producao
Frisante;-;1986;Producao
Vinho leve;-;1986;Producao
Vinho licoroso;-;1986;Producao
Brandy;-;1986;Producao
Destilado;222.230;1986;Producao
Bagaceira;156.100;1986;Producao
Licor de bagaceira;-;1986;Producao
Vinagre;-;1986;Producao
Borra líquida;6.357.648;1986;Producao
Borra seca;-;1986;Producao
Vinho Composto;-;1986;Producao
Pisco;-;1986;Producao
Vinho orgânico;171.147;1986;Producao
Espumante orgânico;-;1986;Producao
Destilado alcoólico simples de bagaceira;-;1986;Producao
Vinho acidificado;-;1986;Producao
Mosto parcialmente fermentado;-;1986;Producao
Outros derivados;-;1986;Producao
Total;225.370.115;1986;Producao
VINHO DE MESA;150.467.184;1987;Producao
Tinto;97.841.160;1987;Producao
Branco;27.497.857;1987;Producao
Rosado;25.128.167;1987;Producao
VINHO FINO DE MESA (VINIFERA);47.301.266;1987;Producao
Tinto;10.920.073;1987;Producao
Branco;35.432.544;1987;Producao
Rosado;948.649;1987;Producao
SUCO;5.469.016;1987;Producao
Suco de uva integral;2.262.240;1987;Producao
Suco de uva concentrado;3.206.776;1987;Producao
Suco de uva adoçado;-;1987;Producao
Suco de uva orgânico;-;1987;Producao
Suco de uva reconstituído;-;1987;Producao
DERIVADOS;14.905.862;1987;Producao
Espumante;-;1987;Producao
Espumante moscatel;-;1987;Producao
Base espumante;-;1987;Producao
Base espumante moscatel;-;1987;Producao
Base Champenoise champanha;-;1987;Producao
Base Charmat champanha;-;1987;Producao
Bebida de uva;-;1987;Producao
Polpa de uva;-;1987;Producao
Mosto simples;7.821.040;1987;Producao
Mosto concentrado;400.500;1987;Producao
Mosto de uva com bagaço;-;1987;Producao
Mosto dessulfitado;-;1987;Producao
Mistelas;402.600;1987;Producao
Néctar de uva;-;1987;Producao
Licorosos;-;1987;Producao
Compostos;-;1987;Producao
Jeropiga;122.000;1987;Producao
Filtrado;-;1987;Producao
Frisante;-;1987;Producao
Vinho leve;-;1987;Producao
Vinho licoroso;-;1987;Producao
Brandy;-;1987;Producao
Destilado;472.576;1987;Producao
Bagaceira;325.600;1987;Producao
Licor de bagaceira;-;1987;Producao
Vinagre;-;1987;Producao
Borra líquida;5.142.446;1987;Producao
Borra seca;-;1987;Producao
Vinho Composto;-;1987;Producao
Pisco;-;1987;Producao
Vinho orgânico;219.100;1987;Producao
Espumante orgânico;-;1987;Producao
Destilado alcoólico simples de bagaceira;-;1987;Producao
Vinho acidificado;-;1987;Producao
Mosto parcialmente fermentado;-;1987;Producao
Outros derivados;-;1987;Producao
Total;218.143.328;1987;Producao
VINHO DE MESA;244.791.058;1988;Producao
Tinto;173.747.942;1988;Producao
Branco;32.660.045;1988;Producao
Rosado;38.383.071;1988;Producao
VINHO FINO DE MESA (VINIFERA);76.560.765;1988;Producao
Tinto;18.690.518;1988;Producao
Branco;56.441.847;1988;Producao
Rosado;1.428.400;1988;Producao
SUCO;7.586.870;1988;Producao
Suco de uva integral;2.018.000;1988;Producao
Suco de uva concentrado;5.568.870;1988;Producao
Suco de uva adoçado;-;1988;Producao
Suco de uva orgânico;-;1988;Producao
Suco de uva reconstituído;-;1988;Producao
DERIVADOS;19.644.584;1988;Producao
Espumante;76.000;1988;Producao
Espumante moscatel;-;1988;Producao
Base espumante;-;1988;Producao
Base espumante moscatel;-;1988;Producao
Base Champenoise champanha;-;1988;Producao
Base Charmat champanha;-;1988;Producao
Bebida de uva;-;1988;Producao
Polpa de uva;-;1988;Producao
Mosto simples;16.544.460;1988;Producao
Mosto concentrado;384.200;1988;Producao
Mosto de uva com bagaço;-;1988;Producao
Mosto dessulfitado;-;1988;Producao
Mistelas;196.000;1988;Producao
Néctar de uva;-;1988;Producao
Licorosos;3.000;1988;Producao
Compostos;2.000;1988;Producao
Jeropiga;61.000;1988;Producao
Filtrado;88.000;1988;Producao
Frisante;-;1988;Producao
Vinho leve;-;1988;Producao
Vinho licoroso;-;1988;Producao
Brandy;5.216;1988;Producao
Destilado;287.220;1988;Producao
Bagaceira;29.000;1988;Producao
Licor de bagaceira;-;1988;Producao
Vinagre;-;1988;Producao
Borra líquida;1.953.488;1988;Producao
Borra seca;-;1988;Producao
Vinho Composto;-;1988;Producao
Pisco;-;1988;Producao
Vinho orgânico;15.000;1988;Producao
Espumante orgânico;-;1988;Producao
Destilado alcoólico simples de bagaceira;-;1988;Producao
Vinho acidificado;-;1988;Producao
Mosto parcialmente fermentado;-;1988;Producao
Outros derivados;-;1988;Producao
Total;348.583.277;1988;Producao
VINHO DE MESA;181.801.961;1989;Producao
Tinto;136.931.173;1989;Producao
Branco;24.603.265;1989;Producao
Rosado;20.267.523;1989;Producao
VINHO FINO DE MESA (VINIFERA);72.772.144;1989;Producao
Tinto;16.140.751;1989;Producao
Branco;54.983.093;1989;Producao
Rosado;1.648.300;1989;Producao
SUCO;6.923.183;1989;Producao
Suco de uva integral;2.824.600;1989;Producao
Suco de uva concentrado;4.098.583;1989;Producao
Suco de uva adoçado;-;1989;Producao
Suco de uva orgânico;-;1989;Producao
Suco de uva reconstituído;-;1989;Producao
DERIVADOS;12.004.574;1989;Producao
Espumante;-;1989;Producao
Espumante moscatel;-;1989;Producao
Base espumante;-;1989;Producao
Base espumante moscatel;-;1989;Producao
Base Champenoise champanha;-;1989;Producao
Base Charmat champanha;-;1989;Producao
Bebida de uva;-;1989;Producao
Polpa de uva;-;1989;Producao
Mosto simples;8.141.100;1989;Producao
Mosto concentrado;732.470;1989;Producao
Mosto de uva com bagaço;-;1989;Producao
Mosto dessulfitado;-;1989;Producao
Mistelas;32.000;1989;Producao
Néctar de uva;-;1989;Producao
Licorosos;20.000;1989;Producao
Compostos;1.900;1989;Producao
Jeropiga;42.000;1989;Producao
Filtrado;39.000;1989;Producao
Frisante;-;1989;Producao
Vinho leve;249.000;1989;Producao
Vinho licoroso;-;1989;Producao
Brandy;6.500;1989;Producao
Destilado;176.800;1989;Producao
Bagaceira;52.000;1989;Producao
Licor de bagaceira;-;1989;Producao
Vinagre;-;1989;Producao
Borra líquida;2.426.804;1989;Producao
Borra seca;-;1989;Producao
Vinho Composto;-;1989;Producao
Pisco;-;1989;Producao
Vinho orgânico;85.000;1989;Producao
Espumante orgânico;-;1989;Producao
Destilado alcoólico simples de bagaceira;-;1989;Producao
Vinho acidificado;-;1989;Producao
Mosto parcialmente fermentado;-;1989;Producao
Outros derivados;-;1989;Producao
Total;273.501.862;1989;Producao
VINHO DE MESA;210.548.199;1990;Producao
Tinto;154.359.897;1990;Producao
Branco;33.512.030;1990;Producao
Rosado;22.676.272;1990;Producao
VINHO FINO DE MESA (VINIFERA);73.689.124;1990;Producao
Tinto;17.750.504;1990;Producao
Branco;52.080.420;1990;Producao
Rosado;3.858.200;1990;Producao
SUCO;10.423.252;1990;Producao
Suco de uva integral;2.848.560;1990;Producao
Suco de uva concentrado;7.574.692;1990;Producao
Suco de uva adoçado;-;1990;Producao
Suco de uva orgânico;-;1990;Producao
Suco de uva reconstituído;-;1990;Producao
DERIVADOS;16.191.621;1990;Producao
Espumante;-;1990;Producao
Espumante moscatel;-;1990;Producao
Base espumante;-;1990;Producao
Base espumante moscatel;-;1990;Producao
Base Champenoise champanha;-;1990;Producao
Base Charmat champanha;-;1990;Producao
Bebida de uva;-;1990;Producao
Polpa de uva;-;1990;Producao
Mosto simples;13.307.690;1990;Producao
Mosto concentrado;1.098.250;1990;Producao
Mosto de uva com bagaço;-;1990;Producao
Mosto dessulfitado;-;1990;Producao
Mistelas;149.000;1990;Producao
Néctar de uva;-;1990;Producao
Licorosos;24.300;1990;Producao
Compostos;-;1990;Producao
Jeropiga;-;1990;Producao
Filtrado;11.000;1990;Producao
Frisante;-;1990;Producao
Vinho leve;264.000;1990;Producao
Vinho licoroso;-;1990;Producao
Brandy;-;1990;Producao
Destilado;-;1990;Producao
Bagaceira;55.000;1990;Producao
Licor de bagaceira;-;1990;Producao
Vinagre;-;1990;Producao
Borra líquida;1.282.381;1990;Producao
Borra seca;-;1990;Producao
Vinho Composto;-;1990;Producao
Pisco;-;1990;Producao
Vinho orgânico;-;1990;Producao
Espumante orgânico;-;1990;Producao
Destilado alcoólico simples de bagaceira;-;1990;Producao
Vinho acidificado;-;1990;Producao
Mosto parcialmente fermentado;-;1990;Producao
Outros derivados;-;1990;Producao
Total;310.852.196;1990;Producao
VINHO DE MESA;126.768.254;1991;Producao
Tinto;90.320.836;1991;Producao
Branco;25.046.588;1991;Producao
Rosado;11.400.830;1991;Producao
VINHO FINO DE MESA (VINIFERA);45.519.167;1991;Producao
Tinto;12.001.895;1991;Producao
Branco;33.307.472;1991;Producao
Rosado;209.800;1991;Producao
SUCO;11.324.462;1991;Producao
Suco de uva integral;3.609.000;1991;Producao
Suco de uva concentrado;7.715.462;1991;Producao
Suco de uva adoçado;-;1991;Producao
Suco de uva orgânico;-;1991;Producao
Suco de uva reconstituído;-;1991;Producao
DERIVADOS;20.352.398;1991;Producao
Espumante;-;1991;Producao
Espumante moscatel;-;1991;Producao
Base espumante;-;1991;Producao
Base espumante moscatel;-;1991;Producao
Base Champenoise champanha;-;1991;Producao
Base Charmat champanha;-;1991;Producao
Bebida de uva;-;1991;Producao
Polpa de uva;-;1991;Producao
Mosto simples;17.407.568;1991;Producao
Mosto concentrado;921.400;1991;Producao
Mosto de uva com bagaço;-;1991;Producao
Mosto dessulfitado;-;1991;Producao
Mistelas;-;1991;Producao
Néctar de uva;-;1991;Producao
Licorosos;11.500;1991;Producao
Compostos;-;1991;Producao
Jeropiga;-;1991;Producao
Filtrado;18.000;1991;Producao
Frisante;-;1991;Producao
Vinho leve;192.800;1991;Producao
Vinho licoroso;-;1991;Producao
Brandy;-;1991;Producao
Destilado;-;1991;Producao
Bagaceira;15.000;1991;Producao
Licor de bagaceira;-;1991;Producao
Vinagre;-;1991;Producao
Borra líquida;1.649.130;1991;Producao
Borra seca;-;1991;Producao
Vinho Composto;-;1991;Producao
Pisco;-;1991;Producao
Vinho orgânico;137.000;1991;Producao
Espumante orgânico;-;1991;Producao
Destilado alcoólico simples de bagaceira;-;1991;Producao
Vinho acidificado;-;1991;Producao
Mosto parcialmente fermentado;-;1991;Producao
Outros derivados;-;1991;Producao
Total;203.964.281;1991;Producao
VINHO DE MESA;163.248.419;1992;Producao
Tinto;118.638.894;1992;Producao
Branco;25.446.255;1992;Producao
Rosado;19.163.270;1992;Producao
VINHO FINO DE MESA (VINIFERA);52.612.778;1992;Producao
Tinto;13.449.911;1992;Producao
Branco;38.856.367;1992;Producao
Rosado;306.500;1992;Producao
SUCO;10.797.624;1992;Producao
Suco de uva integral;4.033.698;1992;Producao
Suco de uva concentrado;6.763.926;1992;Producao
Suco de uva adoçado;-;1992;Producao
Suco de uva orgânico;-;1992;Producao
Suco de uva reconstituído;-;1992;Producao
DERIVADOS;29.469.940;1992;Producao
Espumante;11.000;1992;Producao
Espumante moscatel;-;1992;Producao
Base espumante;-;1992;Producao
Base espumante moscatel;-;1992;Producao
Base Champenoise champanha;-;1992;Producao
Base Charmat champanha;-;1992;Producao
Bebida de uva;-;1992;Producao
Polpa de uva;-;1992;Producao
Mosto simples;27.491.540;1992;Producao
Mosto concentrado;288.900;1992;Producao
Mosto de uva com bagaço;-;1992;Producao
Mosto dessulfitado;-;1992;Producao
Mistelas;-;1992;Producao
Néctar de uva;-;1992;Producao
Licorosos;7.800;1992;Producao
Compostos;-;1992;Producao
Jeropiga;60.000;1992;Producao
Filtrado;11.000;1992;Producao
Frisante;-;1992;Producao
Vinho leve;144.500;1992;Producao
Vinho licoroso;-;1992;Producao
Brandy;-;1992;Producao
Destilado;-;1992;Producao
Bagaceira;10.000;1992;Producao
Licor de bagaceira;-;1992;Producao
Vinagre;45.000;1992;Producao
Borra líquida;1.400.200;1992;Producao
Borra seca;-;1992;Producao
Vinho Composto;-;1992;Producao
Pisco;-;1992;Producao
Vinho orgânico;-;1992;Producao
Espumante orgânico;-;1992;Producao
Destilado alcoólico simples de bagaceira;-;1992;Producao
Vinho acidificado;-;1992;Producao
Mosto parcialmente fermentado;-;1992;Producao
Outros derivados;-;1992;Producao
Total;256.128.761;1992;Producao
VINHO DE MESA;171.754.995;1993;Producao
Tinto;125.172.218;1993;Producao
Branco;31.986.075;1993;Producao
Rosado;14.596.702;1993;Producao
VINHO FINO DE MESA (VINIFERA);53.054.225;1993;Producao
Tinto;12.119.485;1993;Producao
Branco;40.415.898;1993;Producao
Rosado;518.842;1993;Producao
SUCO;12.031.753;1993;Producao
Suco de uva integral;3.800.800;1993;Producao
Suco de uva concentrado;8.230.953;1993;Producao
Suco de uva adoçado;-;1993;Producao
Suco de uva orgânico;-;1993;Producao
Suco de uva reconstituído;-;1993;Producao
DERIVADOS;17.573.100;1993;Producao
Espumante;-;1993;Producao
Espumante moscatel;-;1993;Producao
Base espumante;-;1993;Producao
Base espumante moscatel;-;1993;Producao
Base Champenoise champanha;-;1993;Producao
Base Charmat champanha;-;1993;Producao
Bebida de uva;-;1993;Producao
Polpa de uva;-;1993;Producao
Mosto simples;17.218.000;1993;Producao
Mosto concentrado;355.100;1993;Producao
Mosto de uva com bagaço;-;1993;Producao
Mosto dessulfitado;-;1993;Producao
Mistelas;-;1993;Producao
Néctar de uva;-;1993;Producao
Licorosos;-;1993;Producao
Compostos;-;1993;Producao
Jeropiga;-;1993;Producao
Filtrado;-;1993;Producao
Frisante;-;1993;Producao
Vinho leve;-;1993;Producao
Vinho licoroso;-;1993;Producao
Brandy;-;1993;Producao
Destilado;-;1993;Producao
Bagaceira;-;1993;Producao
Licor de bagaceira;-;1993;Producao
Vinagre;-;1993;Producao
Borra líquida;-;1993;Producao
Borra seca;-;1993;Producao
Vinho Composto;-;1993;Producao
Pisco;-;1993;Producao
Vinho orgânico;-;1993;Producao
Espumante orgânico;-;1993;Producao
Destilado alcoólico simples de bagaceira;-;1993;Producao
Vinho acidificado;-;1993;Producao
Mosto parcialmente fermentado;-;1993;Producao
Outros derivados;-;1993;Producao
Total;254.414.073;1993;Producao
VINHO DE MESA;202.073.263;1994;Producao
Tinto;161.479.717;1994;Producao
Branco;28.291.853;1994;Producao
Rosado;12.301.693;1994;Producao
VINHO FINO DE MESA (VINIFERA);58.733.741;1994;Producao
Tinto;15.646.861;1994;Producao
Branco;42.419.680;1994;Producao
Rosado;667.200;1994;Producao
SUCO;13.343.721;1994;Producao
Suco de uva integral;3.884.000;1994;Producao
Suco de uva concentrado;9.459.721;1994;Producao
Suco de uva adoçado;-;1994;Producao
Suco de uva orgânico;-;1994;Producao
Suco de uva reconstituído;-;1994;Producao
DERIVADOS;16.053.642;1994;Producao
Espumante;-;1994;Producao
Espumante moscatel;-;1994;Producao
Base espumante;-;1994;Producao
Base espumante moscatel;-;1994;Producao
Base Champenoise champanha;-;1994;Producao
Base Charmat champanha;-;1994;Producao
Bebida de uva;-;1994;Producao
Polpa de uva;-;1994;Producao
Mosto simples;10.972.700;1994;Producao
Mosto concentrado;335.500;1994;Producao
Mosto de uva com bagaço;-;1994;Producao
Mosto dessulfitado;-;1994;Producao
Mistelas;-;1994;Producao
Néctar de uva;-;1994;Producao
Licorosos;-;1994;Producao
Compostos;-;1994;Producao
Jeropiga;-;1994;Producao
Filtrado;-;1994;Producao
Frisante;-;1994;Producao
Vinho leve;-;1994;Producao
Vinho licoroso;-;1994;Producao
Brandy;-;1994;Producao
Destilado;-;1994;Producao
Bagaceira;-;1994;Producao
Licor de bagaceira;-;1994;Producao
Vinagre;-;1994;Producao
Borra líquida;-;1994;Producao
Borra seca;-;1994;Producao
Vinho Composto;-;1994;Producao
Pisco;-;1994;Producao
Vinho orgânico;4.745.442;1994;Producao
Espumante orgânico;-;1994;Producao
Destilado alcoólico simples de bagaceira;-;1994;Producao
Vinho acidificado;-;1994;Producao
Mosto parcialmente fermentado;-;1994;Producao
Outros derivados;-;1994;Producao
Total;290.204.367;1994;Producao
VINHO DE MESA;214.788.304;1995;Producao
Tinto;167.174.017;1995;Producao
Branco;15.472.732;1995;Producao
Rosado;32.141.555;1995;Producao
VINHO FINO DE MESA (VINIFERA);47.126.229;1995;Producao
Tinto;11.924.291;1995;Producao
Branco;34.209.738;1995;Producao
Rosado;992.200;1995;Producao
SUCO;12.893.959;1995;Producao
Suco de uva integral;4.123.776;1995;Producao
Suco de uva concentrado;8.770.183;1995;Producao
Suco de uva adoçado;-;1995;Producao
Suco de uva orgânico;-;1995;Producao
Suco de uva reconstituído;-;1995;Producao
DERIVADOS;23.637.100;1995;Producao
Espumante;-;1995;Producao
Espumante moscatel;-;1995;Producao
Base espumante;-;1995;Producao
Base espumante moscatel;-;1995;Producao
Base Champenoise champanha;-;1995;Producao
Base Charmat champanha;-;1995;Producao
Bebida de uva;-;1995;Producao
Polpa de uva;-;1995;Producao
Mosto simples;20.917.600;1995;Producao
Mosto concentrado;265.000;1995;Producao
Mosto de uva com bagaço;-;1995;Producao
Mosto dessulfitado;-;1995;Producao
Mistelas;-;1995;Producao
Néctar de uva;-;1995;Producao
Licorosos;-;1995;Producao
Compostos;-;1995;Producao
Jeropiga;-;1995;Producao
Filtrado;-;1995;Producao
Frisante;-;1995;Producao
Vinho leve;-;1995;Producao
Vinho licoroso;-;1995;Producao
Brandy;-;1995;Producao
Destilado;-;1995;Producao
Bagaceira;-;1995;Producao
Licor de bagaceira;-;1995;Producao
Vinagre;-;1995;Producao
Borra líquida;-;1995;Producao
Borra seca;-;1995;Producao
Vinho Composto;-;1995;Producao
Pisco;-;1995;Producao
Vinho orgânico;2.454.500;1995;Producao
Espumante orgânico;-;1995;Producao
Destilado alcoólico simples de bagaceira;-;1995;Producao
Vinho acidificado;-;1995;Producao
Mosto parcialmente fermentado;-;1995;Producao
Outros derivados;-;1995;Producao
Total;298.445.592;1995;Producao
VINHO DE MESA;152.917.771;1996;Producao
Tinto;115.896.909;1996;Producao
Branco;24.073.622;1996;Producao
Rosado;12.947.240;1996;Producao
VINHO FINO DE MESA (VINIFERA);45.325.058;1996;Producao
Tinto;12.819.866;1996;Producao
Branco;31.893.892;1996;Producao
Rosado;611.300;1996;Producao
SUCO;9.189.900;1996;Producao
Suco de uva integral;2.407.900;1996;Producao
Suco de uva concentrado;6.782.000;1996;Producao
Suco de uva adoçado;-;1996;Producao
Suco de uva orgânico;-;1996;Producao
Suco de uva reconstituído;-;1996;Producao
DERIVADOS;12.754.798;1996;Producao
Espumante;-;1996;Producao
Espumante moscatel;-;1996;Producao
Base espumante;-;1996;Producao
Base espumante moscatel;-;1996;Producao
Base Champenoise champanha;-;1996;Producao
Base Charmat champanha;-;1996;Producao
Bebida de uva;-;1996;Producao
Polpa de uva;-;1996;Producao
Mosto simples;12.111.372;1996;Producao
Mosto concentrado;292.000;1996;Producao
Mosto de uva com bagaço;-;1996;Producao
Mosto dessulfitado;-;1996;Producao
Mistelas;-;1996;Producao
Néctar de uva;-;1996;Producao
Licorosos;-;1996;Producao
Compostos;-;1996;Producao
Jeropiga;-;1996;Producao
Filtrado;-;1996;Producao
Frisante;-;1996;Producao
Vinho leve;-;1996;Producao
Vinho licoroso;-;1996;Producao
Brandy;-;1996;Producao
Destilado;-;1996;Producao
Bagaceira;-;1996;Producao
Licor de bagaceira;-;1996;Producao
Vinagre;-;1996;Producao
Borra líquida;-;1996;Producao
Borra seca;-;1996;Producao
Vinho Composto;-;1996;Producao
Pisco;-;1996;Producao
Vinho orgânico;351.426;1996;Producao
Espumante orgânico;-;1996;Producao
Destilado alcoólico simples de bagaceira;-;1996;Producao
Vinho acidificado;-;1996;Producao
Mosto parcialmente fermentado;-;1996;Producao
Outros derivados;-;1996;Producao
Total;220.187.527;1996;Producao
VINHO DE MESA;182.816.047;1997;Producao
Tinto;116.458.841;1997;Producao
Branco;41.842.945;1997;Producao
Rosado;24.514.261;1997;Producao
VINHO FINO DE MESA (VINIFERA);46.988.414;1997;Producao
Tinto;12.590.647;1997;Producao
Branco;33.792.167;1997;Producao
Rosado;605.600;1997;Producao
SUCO;13.409.014;1997;Producao
Suco de uva integral;2.884.969;1997;Producao
Suco de uva concentrado;10.524.045;1997;Producao
Suco de uva adoçado;-;1997;Producao
Suco de uva orgânico;-;1997;Producao
Suco de uva reconstituído;-;1997;Producao
DERIVADOS;24.553.317;1997;Producao
Espumante;-;1997;Producao
Espumante moscatel;-;1997;Producao
Base espumante;-;1997;Producao
Base espumante moscatel;-;1997;Producao
Base Champenoise champanha;-;1997;Producao
Base Charmat champanha;-;1997;Producao
Bebida de uva;-;1997;Producao
Polpa de uva;-;1997;Producao
Mosto simples;19.066.000;1997;Producao
Mosto concentrado;490.000;1997;Producao
Mosto de uva com bagaço;-;1997;Producao
Mosto dessulfitado;-;1997;Producao
Mistelas;-;1997;Producao
Néctar de uva;-;1997;Producao
Licorosos;-;1997;Producao
Compostos;-;1997;Producao
Jeropiga;-;1997;Producao
Filtrado;-;1997;Producao
Frisante;-;1997;Producao
Vinho leve;-;1997;Producao
Vinho licoroso;-;1997;Producao
Brandy;-;1997;Producao
Destilado;-;1997;Producao
Bagaceira;-;1997;Producao
Licor de bagaceira;-;1997;Producao
Vinagre;-;1997;Producao
Borra líquida;-;1997;Producao
Borra seca;-;1997;Producao
Vinho Composto;-;1997;Producao
Pisco;-;1997;Producao
Vinho orgânico;4.997.317;1997;Producao
Espumante orgânico;-;1997;Producao
Destilado alcoólico simples de bagaceira;-;1997;Producao
Vinho acidificado;-;1997;Producao
Mosto parcialmente fermentado;-;1997;Producao
Outros derivados;-;1997;Producao
Total;267.766.792;1997;Producao
VINHO DE MESA;150.814.943;1998;Producao
Tinto;102.127.865;1998;Producao
Branco;32.140.249;1998;Producao
Rosado;16.546.829;1998;Producao
VINHO FINO DE MESA (VINIFERA);33.898.630;1998;Producao
Tinto;8.716.140;1998;Producao
Branco;24.384.090;1998;Producao
Rosado;798.400;1998;Producao
SUCO;13.904.186;1998;Producao
Suco de uva integral;3.904.186;1998;Producao
Suco de uva concentrado;10.000.000;1998;Producao
Suco de uva adoçado;-;1998;Producao
Suco de uva orgânico;-;1998;Producao
Suco de uva reconstituído;-;1998;Producao
DERIVADOS;14.693.351;1998;Producao
Espumante;-;1998;Producao
Espumante moscatel;-;1998;Producao
Base espumante;-;1998;Producao
Base espumante moscatel;-;1998;Producao
Base Champenoise champanha;-;1998;Producao
Base Charmat champanha;-;1998;Producao
Bebida de uva;-;1998;Producao
Polpa de uva;-;1998;Producao
Mosto simples;11.046.570;1998;Producao
Mosto concentrado;381.000;1998;Producao
Mosto de uva com bagaço;-;1998;Producao
Mosto dessulfitado;-;1998;Producao
Mistelas;-;1998;Producao
Néctar de uva;-;1998;Producao
Licorosos;-;1998;Producao
Compostos;-;1998;Producao
Jeropiga;-;1998;Producao
Filtrado;-;1998;Producao
Frisante;-;1998;Producao
Vinho leve;-;1998;Producao
Vinho licoroso;-;1998;Producao
Brandy;-;1998;Producao
Destilado;-;1998;Producao
Bagaceira;-;1998;Producao
Licor de bagaceira;-;1998;Producao
Vinagre;-;1998;Producao
Borra líquida;-;1998;Producao
Borra seca;-;1998;Producao
Vinho Composto;-;1998;Producao
Pisco;-;1998;Producao
Vinho orgânico;3.265.781;1998;Producao
Espumante orgânico;-;1998;Producao
Destilado alcoólico simples de bagaceira;-;1998;Producao
Vinho acidificado;-;1998;Producao
Mosto parcialmente fermentado;-;1998;Producao
Outros derivados;-;1998;Producao
Total;213.311.110;1998;Producao
VINHO DE MESA;226.520.776;1999;Producao
Tinto;168.149.414;1999;Producao
Branco;42.528.150;1999;Producao
Rosado;15.843.212;1999;Producao
VINHO FINO DE MESA (VINIFERA);45.830.497;1999;Producao
Tinto;14.640.657;1999;Producao
Branco;30.674.840;1999;Producao
Rosado;515.000;1999;Producao
SUCO;15.532.303;1999;Producao
Suco de uva integral;4.132.303;1999;Producao
Suco de uva concentrado;11.400.000;1999;Producao
Suco de uva adoçado;-;1999;Producao
Suco de uva orgânico;-;1999;Producao
Suco de uva reconstituído;-;1999;Producao
DERIVADOS;23.422.306;1999;Producao
Espumante;6.900;1999;Producao
Espumante moscatel;-;1999;Producao
Base espumante;-;1999;Producao
Base espumante moscatel;-;1999;Producao
Base Champenoise champanha;-;1999;Producao
Base Charmat champanha;-;1999;Producao
Bebida de uva;-;1999;Producao
Polpa de uva;-;1999;Producao
Mosto simples;14.359.734;1999;Producao
Mosto concentrado;411.354;1999;Producao
Mosto de uva com bagaço;-;1999;Producao
Mosto dessulfitado;-;1999;Producao
Mistelas;-;1999;Producao
Néctar de uva;-;1999;Producao
Licorosos;44.740;1999;Producao
Compostos;-;1999;Producao
Jeropiga;-;1999;Producao
Filtrado;-;1999;Producao
Frisante;-;1999;Producao
Vinho leve;-;1999;Producao
Vinho licoroso;-;1999;Producao
Brandy;-;1999;Producao
Destilado;7.350;1999;Producao
Bagaceira;-;1999;Producao
Licor de bagaceira;-;1999;Producao
Vinagre;-;1999;Producao
Borra líquida;-;1999;Producao
Borra seca;-;1999;Producao
Vinho Composto;-;1999;Producao
Pisco;-;1999;Producao
Vinho orgânico;8.592.228;1999;Producao
Espumante orgânico;-;1999;Producao
Destilado alcoólico simples de bagaceira;-;1999;Producao
Vinho acidificado;-;1999;Producao
Mosto parcialmente fermentado;-;1999;Producao
Outros derivados;-;1999;Producao
Total;311.305.882;1999;Producao
VINHO DE MESA;273.025.576;2000;Producao
Tinto;208.242.670;2000;Producao
Branco;44.902.276;2000;Producao
Rosado;19.880.630;2000;Producao
VINHO FINO DE MESA (VINIFERA);56.209.739;2000;Producao
Tinto;18.545.613;2000;Producao
Branco;36.955.126;2000;Producao
Rosado;709.000;2000;Producao
SUCO;17.722.779;2000;Producao
Suco de uva integral;3.546.779;2000;Producao
Suco de uva concentrado;14.176.000;2000;Producao
Suco de uva adoçado;-;2000;Producao
Suco de uva orgânico;-;2000;Producao
Suco de uva reconstituído;-;2000;Producao
DERIVADOS;25.959.016;2000;Producao
Espumante;71.410;2000;Producao
Espumante moscatel;-;2000;Producao
Base espumante;-;2000;Producao
Base espumante moscatel;-;2000;Producao
Base Champenoise champanha;-;2000;Producao
Base Charmat champanha;-;2000;Producao
Bebida de uva;-;2000;Producao
Polpa de uva;-;2000;Producao
Mosto simples;16.192.018;2000;Producao
Mosto concentrado;-;2000;Producao
Mosto de uva com bagaço;-;2000;Producao
Mosto dessulfitado;-;2000;Producao
Mistelas;33.000;2000;Producao
Néctar de uva;-;2000;Producao
Licorosos;21.000;2000;Producao
Compostos;-;2000;Producao
Jeropiga;-;2000;Producao
Filtrado;-;2000;Producao
Frisante;-;2000;Producao
Vinho leve;-;2000;Producao
Vinho licoroso;-;2000;Producao
Brandy;-;2000;Producao
Destilado;1.960;2000;Producao
Bagaceira;12.700;2000;Producao
Licor de bagaceira;-;2000;Producao
Vinagre;-;2000;Producao
Borra líquida;9.626.928;2000;Producao
Borra seca;-;2000;Producao
Vinho Composto;-;2000;Producao
Pisco;-;2000;Producao
Vinho orgânico;-;2000;Producao
Espumante orgânico;-;2000;Producao
Destilado alcoólico simples de bagaceira;-;2000;Producao
Vinho acidificado;-;2000;Producao
Mosto parcialmente fermentado;-;2000;Producao
Outros derivados;-;2000;Producao
Total;372.917.110;2000;Producao
VINHO DE MESA;228.932.458;2001;Producao
Tinto;175.267.437;2001;Producao
Branco;44.322.836;2001;Producao
Rosado;9.342.185;2001;Producao
VINHO FINO DE MESA (VINIFERA);34.159.277;2001;Producao
Tinto;13.587.683;2001;Producao
Branco;20.393.594;2001;Producao
Rosado;178.000;2001;Producao
SUCO;17.987.182;2001;Producao
Suco de uva integral;5.196.430;2001;Producao
Suco de uva concentrado;12.790.752;2001;Producao
Suco de uva adoçado;-;2001;Producao
Suco de uva orgânico;-;2001;Producao
Suco de uva reconstituído;-;2001;Producao
DERIVADOS;15.498.842;2001;Producao
Espumante;-;2001;Producao
Espumante moscatel;276.099;2001;Producao
Base espumante;-;2001;Producao
Base espumante moscatel;-;2001;Producao
Base Champenoise champanha;-;2001;Producao
Base Charmat champanha;-;2001;Producao
Bebida de uva;-;2001;Producao
Polpa de uva;-;2001;Producao
Mosto simples;6.977.231;2001;Producao
Mosto concentrado;-;2001;Producao
Mosto de uva com bagaço;-;2001;Producao
Mosto dessulfitado;-;2001;Producao
Mistelas;15.000;2001;Producao
Néctar de uva;-;2001;Producao
Licorosos;4.000;2001;Producao
Compostos;-;2001;Producao
Jeropiga;-;2001;Producao
Filtrado;-;2001;Producao
Frisante;-;2001;Producao
Vinho leve;-;2001;Producao
Vinho licoroso;-;2001;Producao
Brandy;-;2001;Producao
Destilado;-;2001;Producao
Bagaceira;10.350;2001;Producao
Licor de bagaceira;-;2001;Producao
Vinagre;-;2001;Producao
Borra líquida;8.216.162;2001;Producao
Borra seca;-;2001;Producao
Vinho Composto;-;2001;Producao
Pisco;-;2001;Producao
Vinho orgânico;-;2001;Producao
Espumante orgânico;-;2001;Producao
Destilado alcoólico simples de bagaceira;-;2001;Producao
Vinho acidificado;-;2001;Producao
Mosto parcialmente fermentado;-;2001;Producao
Outros derivados;-;2001;Producao
Total;296.577.759;2001;Producao
VINHO DE MESA;259.589.740;2002;Producao
Tinto;215.892.333;2002;Producao
Branco;35.329.657;2002;Producao
Rosado;8.367.750;2002;Producao
VINHO FINO DE MESA (VINIFERA);31.655.226;2002;Producao
Tinto;13.619.033;2002;Producao
Branco;17.911.689;2002;Producao
Rosado;124.504;2002;Producao
SUCO;20.228.691;2002;Producao
Suco de uva integral;5.505.889;2002;Producao
Suco de uva concentrado;14.722.802;2002;Producao
Suco de uva adoçado;-;2002;Producao
Suco de uva orgânico;-;2002;Producao
Suco de uva reconstituído;-;2002;Producao
DERIVADOS;28.122.348;2002;Producao
Espumante;-;2002;Producao
Espumante moscatel;-;2002;Producao
Base espumante;-;2002;Producao
Base espumante moscatel;-;2002;Producao
Base Champenoise champanha;-;2002;Producao
Base Charmat champanha;-;2002;Producao
Bebida de uva;-;2002;Producao
Polpa de uva;-;2002;Producao
Mosto simples;12.875.000;2002;Producao
Mosto concentrado;-;2002;Producao
Mosto de uva com bagaço;-;2002;Producao
Mosto dessulfitado;-;2002;Producao
Mistelas;-;2002;Producao
Néctar de uva;-;2002;Producao
Licorosos;-;2002;Producao
Compostos;-;2002;Producao
Jeropiga;-;2002;Producao
Filtrado;-;2002;Producao
Frisante;-;2002;Producao
Vinho leve;-;2002;Producao
Vinho licoroso;-;2002;Producao
Brandy;-;2002;Producao
Destilado;-;2002;Producao
Bagaceira;-;2002;Producao
Licor de bagaceira;-;2002;Producao
Vinagre;-;2002;Producao
Borra líquida;8.541.861;2002;Producao
Borra seca;-;2002;Producao
Vinho Composto;-;2002;Producao
Pisco;-;2002;Producao
Vinho orgânico;6.705.487;2002;Producao
Espumante orgânico;-;2002;Producao
Destilado alcoólico simples de bagaceira;-;2002;Producao
Vinho acidificado;-;2002;Producao
Mosto parcialmente fermentado;-;2002;Producao
Outros derivados;-;2002;Producao
Total;339.596.005;2002;Producao
VINHO DE MESA;202.545.724;2003;Producao
Tinto;155.513.687;2003;Producao
Branco;40.861.639;2003;Producao
Rosado;6.170.398;2003;Producao
VINHO FINO DE MESA (VINIFERA);29.551.457;2003;Producao
Tinto;15.357.576;2003;Producao
Branco;14.058.481;2003;Producao
Rosado;135.400;2003;Producao
SUCO;12.420.745;2003;Producao
Suco de uva integral;1.372.381;2003;Producao
Suco de uva concentrado;11.048.364;2003;Producao
Suco de uva adoçado;-;2003;Producao
Suco de uva orgânico;-;2003;Producao
Suco de uva reconstituído;-;2003;Producao
DERIVADOS;24.108.352;2003;Producao
Espumante;-;2003;Producao
Espumante moscatel;147.600;2003;Producao
Base espumante;-;2003;Producao
Base espumante moscatel;-;2003;Producao
Base Champenoise champanha;-;2003;Producao
Base Charmat champanha;-;2003;Producao
Bebida de uva;-;2003;Producao
Polpa de uva;-;2003;Producao
Mosto simples;13.172.480;2003;Producao
Mosto concentrado;-;2003;Producao
Mosto de uva com bagaço;-;2003;Producao
Mosto dessulfitado;-;2003;Producao
Mistelas;5.500;2003;Producao
Néctar de uva;-;2003;Producao
Licorosos;34.420;2003;Producao
Compostos;-;2003;Producao
Jeropiga;-;2003;Producao
Filtrado;-;2003;Producao
Frisante;-;2003;Producao
Vinho leve;11.000;2003;Producao
Vinho licoroso;-;2003;Producao
Brandy;-;2003;Producao
Destilado;-;2003;Producao
Bagaceira;26.800;2003;Producao
Licor de bagaceira;-;2003;Producao
Vinagre;-;2003;Producao
Borra líquida;3.126.172;2003;Producao
Borra seca;-;2003;Producao
Vinho Composto;-;2003;Producao
Pisco;-;2003;Producao
Vinho orgânico;7.584.380;2003;Producao
Espumante orgânico;-;2003;Producao
Destilado alcoólico simples de bagaceira;-;2003;Producao
Vinho acidificado;-;2003;Producao
Mosto parcialmente fermentado;-;2003;Producao
Outros derivados;-;2003;Producao
Total;268.626.278;2003;Producao
VINHO DE MESA;313.962.284;2004;Producao
Tinto;254.172.425;2004;Producao
Branco;51.719.967;2004;Producao
Rosado;8.069.892;2004;Producao
VINHO FINO DE MESA (VINIFERA);42.902.608;2004;Producao
Tinto;23.062.182;2004;Producao
Branco;19.803.647;2004;Producao
Rosado;36.779;2004;Producao
SUCO;24.078.112;2004;Producao
Suco de uva integral;6.222.380;2004;Producao
Suco de uva concentrado;17.855.732;2004;Producao
Suco de uva adoçado;-;2004;Producao
Suco de uva orgânico;-;2004;Producao
Suco de uva reconstituído;-;2004;Producao
DERIVADOS;28.471.858;2004;Producao
Espumante;3.999;2004;Producao
Espumante moscatel;204.000;2004;Producao
Base espumante;-;2004;Producao
Base espumante moscatel;98.900;2004;Producao
Base Champenoise champanha;-;2004;Producao
Base Charmat champanha;-;2004;Producao
Bebida de uva;-;2004;Producao
Polpa de uva;890.562;2004;Producao
Mosto simples;26.067.525;2004;Producao
Mosto concentrado;-;2004;Producao
Mosto de uva com bagaço;-;2004;Producao
Mosto dessulfitado;-;2004;Producao
Mistelas;11.500;2004;Producao
Néctar de uva;-;2004;Producao
Licorosos;-;2004;Producao
Compostos;-;2004;Producao
Jeropiga;-;2004;Producao
Filtrado;-;2004;Producao
Frisante;-;2004;Producao
Vinho leve;6.000;2004;Producao
Vinho licoroso;77.800;2004;Producao
Brandy;-;2004;Producao
Destilado;1.000;2004;Producao
Bagaceira;66.082;2004;Producao
Licor de bagaceira;-;2004;Producao
Vinagre;-;2004;Producao
Borra líquida;1.044.490;2004;Producao
Borra seca;-;2004;Producao
Vinho Composto;-;2004;Producao
Pisco;-;2004;Producao
Vinho orgânico;-;2004;Producao
Espumante orgânico;-;2004;Producao
Destilado alcoólico simples de bagaceira;-;2004;Producao
Vinho acidificado;-;2004;Producao
Mosto parcialmente fermentado;-;2004;Producao
Outros derivados;-;2004;Producao
Total;409.414.862;2004;Producao
VINHO DE MESA;226.080.432;2005;Producao
Tinto;180.698.666;2005;Producao
Branco;39.212.146;2005;Producao
Rosado;6.169.620;2005;Producao
VINHO FINO DE MESA (VINIFERA);45.453.898;2005;Producao
Tinto;25.409.805;2005;Producao
Branco;20.012.363;2005;Producao
Rosado;31.730;2005;Producao
SUCO;27.960.596;2005;Producao
Suco de uva integral;7.103.175;2005;Producao
Suco de uva concentrado;19.513.244;2005;Producao
Suco de uva adoçado;1.344.177;2005;Producao
Suco de uva orgânico;-;2005;Producao
Suco de uva reconstituído;-;2005;Producao
DERIVADOS;25.541.605;2005;Producao
Espumante;1.920;2005;Producao
Espumante moscatel;514.480;2005;Producao
Base espumante;239.000;2005;Producao
Base espumante moscatel;212.400;2005;Producao
Base Champenoise champanha;-;2005;Producao
Base Charmat champanha;-;2005;Producao
Bebida de uva;-;2005;Producao
Polpa de uva;1.350.672;2005;Producao
Mosto simples;22.429.791;2005;Producao
Mosto concentrado;83.116;2005;Producao
Mosto de uva com bagaço;-;2005;Producao
Mosto dessulfitado;-;2005;Producao
Mistelas;9.960;2005;Producao
Néctar de uva;-;2005;Producao
Licorosos;-;2005;Producao
Compostos;-;2005;Producao
Jeropiga;-;2005;Producao
Filtrado;-;2005;Producao
Frisante;-;2005;Producao
Vinho leve;16.500;2005;Producao
Vinho licoroso;125.700;2005;Producao
Brandy;-;2005;Producao
Destilado;-;2005;Producao
Bagaceira;32.050;2005;Producao
Licor de bagaceira;-;2005;Producao
Vinagre;-;2005;Producao
Borra líquida;526.016;2005;Producao
Borra seca;-;2005;Producao
Vinho Composto;-;2005;Producao
Pisco;-;2005;Producao
Vinho orgânico;-;2005;Producao
Espumante orgânico;-;2005;Producao
Destilado alcoólico simples de bagaceira;-;2005;Producao
Vinho acidificado;-;2005;Producao
Mosto parcialmente fermentado;-;2005;Producao
Outros derivados;-;2005;Producao
Total;325.036.531;2005;Producao
VINHO DE MESA;185.100.887;2006;Producao
Tinto;149.552.555;2006;Producao
Branco;31.738.390;2006;Producao
Rosado;3.809.942;2006;Producao
VINHO FINO DE MESA (VINIFERA);32.168.977;2006;Producao
Tinto;18.868.108;2006;Producao
Branco;13.249.969;2006;Producao
Rosado;50.900;2006;Producao
SUCO;31.361.096;2006;Producao
Suco de uva integral;13.946.491;2006;Producao
Suco de uva concentrado;17.414.605;2006;Producao
Suco de uva adoçado;-;2006;Producao
Suco de uva orgânico;-;2006;Producao
Suco de uva reconstituído;-;2006;Producao
DERIVADOS;27.752.531;2006;Producao
Espumante;26.600;2006;Producao
Espumante moscatel;320.514;2006;Producao
Base espumante;-;2006;Producao
Base espumante moscatel;362.589;2006;Producao
Base Champenoise champanha;-;2006;Producao
Base Charmat champanha;-;2006;Producao
Bebida de uva;-;2006;Producao
Polpa de uva;1.006.000;2006;Producao
Mosto simples;25.903.812;2006;Producao
Mosto concentrado;-;2006;Producao
Mosto de uva com bagaço;-;2006;Producao
Mosto dessulfitado;-;2006;Producao
Mistelas;-;2006;Producao
Néctar de uva;-;2006;Producao
Licorosos;-;2006;Producao
Compostos;-;2006;Producao
Jeropiga;-;2006;Producao
Filtrado;-;2006;Producao
Frisante;-;2006;Producao
Vinho leve;-;2006;Producao
Vinho licoroso;28.500;2006;Producao
Brandy;-;2006;Producao
Destilado;-;2006;Producao
Bagaceira;24.250;2006;Producao
Licor de bagaceira;-;2006;Producao
Vinagre;-;2006;Producao
Borra líquida;57.333;2006;Producao
Borra seca;-;2006;Producao
Vinho Composto;-;2006;Producao
Pisco;-;2006;Producao
Vinho orgânico;22.933;2006;Producao
Espumante orgânico;-;2006;Producao
Destilado alcoólico simples de bagaceira;-;2006;Producao
Vinho acidificado;-;2006;Producao
Mosto parcialmente fermentado;-;2006;Producao
Outros derivados;-;2006;Producao
Total;276.383.491;2006;Producao
VINHO DE MESA;275.287.908;2007;Producao
Tinto;228.156.220;2007;Producao
Branco;42.118.552;2007;Producao
Rosado;5.013.136;2007;Producao
VINHO FINO DE MESA (VINIFERA);43.176.484;2007;Producao
Tinto;24.786.071;2007;Producao
Branco;17.598.428;2007;Producao
Rosado;791.985;2007;Producao
SUCO;30.136.844;2007;Producao
Suco de uva integral;10.147.037;2007;Producao
Suco de uva concentrado;19.280.709;2007;Producao
Suco de uva adoçado;709.098;2007;Producao
Suco de uva orgânico;-;2007;Producao
Suco de uva reconstituído;-;2007;Producao
DERIVADOS;42.011.603;2007;Producao
Espumante;-;2007;Producao
Espumante moscatel;589.332;2007;Producao
Base espumante;78.250;2007;Producao
Base espumante moscatel;111.200;2007;Producao
Base Champenoise champanha;-;2007;Producao
Base Charmat champanha;-;2007;Producao
Bebida de uva;-;2007;Producao
Polpa de uva;1.083.202;2007;Producao
Mosto simples;37.558.010;2007;Producao
Mosto concentrado;110.000;2007;Producao
Mosto de uva com bagaço;-;2007;Producao
Mosto dessulfitado;-;2007;Producao
Mistelas;1.900;2007;Producao
Néctar de uva;-;2007;Producao
Licorosos;-;2007;Producao
Compostos;-;2007;Producao
Jeropiga;-;2007;Producao
Filtrado;-;2007;Producao
Frisante;-;2007;Producao
Vinho leve;-;2007;Producao
Vinho licoroso;27.926;2007;Producao
Brandy;-;2007;Producao
Destilado;-;2007;Producao
Bagaceira;48.500;2007;Producao
Licor de bagaceira;-;2007;Producao
Vinagre;-;2007;Producao
Borra líquida;2.095.873;2007;Producao
Borra seca;-;2007;Producao
Vinho Composto;-;2007;Producao
Pisco;-;2007;Producao
Vinho orgânico;307.410;2007;Producao
Espumante orgânico;-;2007;Producao
Destilado alcoólico simples de bagaceira;-;2007;Producao
Vinho acidificado;-;2007;Producao
Mosto parcialmente fermentado;-;2007;Producao
Outros derivados;-;2007;Producao
Total;390.612.839;2007;Producao
VINHO DE MESA;287.506.811;2008;Producao
Tinto;241.057.928;2008;Producao
Branco;42.942.053;2008;Producao
Rosado;3.506.830;2008;Producao
VINHO FINO DE MESA (VINIFERA);47.334.501;2008;Producao
Tinto;27.583.032;2008;Producao
Branco;18.812.571;2008;Producao
Rosado;938.898;2008;Producao
SUCO;35.647.994;2008;Producao
Suco de uva integral;11.817.941;2008;Producao
Suco de uva concentrado;23.014.646;2008;Producao
Suco de uva adoçado;815.407;2008;Producao
Suco de uva orgânico;-;2008;Producao
Suco de uva reconstituído;-;2008;Producao
DERIVADOS;59.622.293;2008;Producao
Espumante;88.690;2008;Producao
Espumante moscatel;1.113.462;2008;Producao
Base espumante;220.120;2008;Producao
Base espumante moscatel;474.721;2008;Producao
Base Champenoise champanha;-;2008;Producao
Base Charmat champanha;-;2008;Producao
Bebida de uva;1.082.700;2008;Producao
Polpa de uva;1.188.260;2008;Producao
Mosto simples;53.683.415;2008;Producao
Mosto concentrado;-;2008;Producao
Mosto de uva com bagaço;-;2008;Producao
Mosto dessulfitado;-;2008;Producao
Mistelas;2.000;2008;Producao
Néctar de uva;-;2008;Producao
Licorosos;-;2008;Producao
Compostos;-;2008;Producao
Jeropiga;-;2008;Producao
Filtrado;-;2008;Producao
Frisante;-;2008;Producao
Vinho leve;-;2008;Producao
Vinho licoroso;65.650;2008;Producao
Brandy;-;2008;Producao
Destilado;-;2008;Producao
Bagaceira;8.500;2008;Producao
Licor de bagaceira;-;2008;Producao
Vinagre;-;2008;Producao
Borra líquida;1.679.775;2008;Producao
Borra seca;-;2008;Producao
Vinho Composto;-;2008;Producao
Pisco;-;2008;Producao
Vinho orgânico;15.000;2008;Producao
Espumante orgânico;-;2008;Producao
Destilado alcoólico simples de bagaceira;-;2008;Producao
Vinho acidificado;-;2008;Producao
Mosto parcialmente fermentado;-;2008;Producao
Outros derivados;-;2008;Producao
Total;430.111.599;2008;Producao
VINHO DE MESA;205.418.206;2009;Producao
Tinto;164.143.454;2009;Producao
Branco;39.211.278;2009;Producao
Rosado;2.063.474;2009;Producao
VINHO FINO DE MESA (VINIFERA);39.900.568;2009;Producao
Tinto;18.209.043;2009;Producao
Branco;21.366.975;2009;Producao
Rosado;324.550;2009;Producao
SUCO;39.715.098;2009;Producao
Suco de uva integral;16.034.003;2009;Producao
Suco de uva concentrado;23.006.457;2009;Producao
Suco de uva adoçado;674.638;2009;Producao
Suco de uva orgânico;-;2009;Producao
Suco de uva reconstituído;-;2009;Producao
DERIVADOS;56.787.892;2009;Producao
Espumante;-;2009;Producao
Espumante moscatel;1.190.500;2009;Producao
Base espumante;335.850;2009;Producao
Base espumante moscatel;442.150;2009;Producao
Base Champenoise champanha;-;2009;Producao
Base Charmat champanha;-;2009;Producao
Bebida de uva;420;2009;Producao
Polpa de uva;1.352.417;2009;Producao
Mosto simples;53.418.555;2009;Producao
Mosto concentrado;-;2009;Producao
Mosto de uva com bagaço;-;2009;Producao
Mosto dessulfitado;-;2009;Producao
Mistelas;3.500;2009;Producao
Néctar de uva;-;2009;Producao
Licorosos;38.000;2009;Producao
Compostos;-;2009;Producao
Jeropiga;-;2009;Producao
Filtrado;-;2009;Producao
Frisante;-;2009;Producao
Vinho leve;-;2009;Producao
Vinho licoroso;-;2009;Producao
Brandy;-;2009;Producao
Destilado;-;2009;Producao
Bagaceira;6.500;2009;Producao
Licor de bagaceira;-;2009;Producao
Vinagre;-;2009;Producao
Borra líquida;-;2009;Producao
Borra seca;-;2009;Producao
Vinho Composto;-;2009;Producao
Pisco;-;2009;Producao
Vinho orgânico;-;2009;Producao
Espumante orgânico;-;2009;Producao
Destilado alcoólico simples de bagaceira;-;2009;Producao
Vinho acidificado;-;2009;Producao
Mosto parcialmente fermentado;-;2009;Producao
Outros derivados;-;2009;Producao
Total;341.821.764;2009;Producao
VINHO DE MESA;195.267.980;2010;Producao
Tinto;157.290.088;2010;Producao
Branco;35.408.083;2010;Producao
Rosado;2.569.809;2010;Producao
VINHO FINO DE MESA (VINIFERA);24.805.713;2010;Producao
Tinto;11.401.406;2010;Producao
Branco;13.013.027;2010;Producao
Rosado;391.280;2010;Producao
SUCO;50.125.944;2010;Producao
Suco de uva integral;26.887.259;2010;Producao
Suco de uva concentrado;23.238.685;2010;Producao
Suco de uva adoçado;-;2010;Producao
Suco de uva orgânico;-;2010;Producao
Suco de uva reconstituído;-;2010;Producao
DERIVADOS;51.210.756;2010;Producao
Espumante;10.125;2010;Producao
Espumante moscatel;703.393;2010;Producao
Base espumante;-;2010;Producao
Base espumante moscatel;1.144.508;2010;Producao
Base Champenoise champanha;92.082;2010;Producao
Base Charmat champanha;254.000;2010;Producao
Bebida de uva;7.900;2010;Producao
Polpa de uva;1.951.606;2010;Producao
Mosto simples;45.912.040;2010;Producao
Mosto concentrado;-;2010;Producao
Mosto de uva com bagaço;-;2010;Producao
Mosto dessulfitado;-;2010;Producao
Mistelas;-;2010;Producao
Néctar de uva;-;2010;Producao
Licorosos;-;2010;Producao
Compostos;-;2010;Producao
Jeropiga;69.000;2010;Producao
Filtrado;-;2010;Producao
Frisante;831.000;2010;Producao
Vinho leve;-;2010;Producao
Vinho licoroso;15.000;2010;Producao
Brandy;-;2010;Producao
Destilado;-;2010;Producao
Bagaceira;-;2010;Producao
Licor de bagaceira;-;2010;Producao
Vinagre;5.817;2010;Producao
Borra líquida;64.304;2010;Producao
Borra seca;149.981;2010;Producao
Vinho Composto;-;2010;Producao
Pisco;-;2010;Producao
Vinho orgânico;-;2010;Producao
Espumante orgânico;-;2010;Producao
Destilado alcoólico simples de bagaceira;-;2010;Producao
Vinho acidificado;-;2010;Producao
Mosto parcialmente fermentado;-;2010;Producao
Outros derivados;-;2010;Producao
Total;321.410.393;2010;Producao
VINHO DE MESA;257.840.749;2011;Producao
Tinto;210.113.358;2011;Producao
Branco;46.007.504;2011;Producao
Rosado;1.719.887;2011;Producao
VINHO FINO DE MESA (VINIFERA);47.598.471;2011;Producao
Tinto;24.104.740;2011;Producao
Branco;22.739.426;2011;Producao
Rosado;754.305;2011;Producao
SUCO;69.364.324;2011;Producao
Suco de uva integral;39.487.800;2011;Producao
Suco de uva concentrado;29.564.324;2011;Producao
Suco de uva adoçado;312.200;2011;Producao
Suco de uva orgânico;-;2011;Producao
Suco de uva reconstituído;-;2011;Producao
DERIVADOS;85.748.723;2011;Producao
Espumante;26.361;2011;Producao
Espumante moscatel;219.100;2011;Producao
Base espumante;-;2011;Producao
Base espumante moscatel;2.749.540;2011;Producao
Base Champenoise champanha;74.746;2011;Producao
Base Charmat champanha;865.858;2011;Producao
Bebida de uva;-;2011;Producao
Polpa de uva;2.480.120;2011;Producao
Mosto simples;77.285.998;2011;Producao
Mosto concentrado;-;2011;Producao
Mosto de uva com bagaço;1.037.600;2011;Producao
Mosto dessulfitado;-;2011;Producao
Mistelas;-;2011;Producao
Néctar de uva;-;2011;Producao
Licorosos;-;2011;Producao
Compostos;-;2011;Producao
Jeropiga;-;2011;Producao
Filtrado;-;2011;Producao
Frisante;1.003.800;2011;Producao
Vinho leve;-;2011;Producao
Vinho licoroso;-;2011;Producao
Brandy;-;2011;Producao
Destilado;-;2011;Producao
Bagaceira;-;2011;Producao
Licor de bagaceira;-;2011;Producao
Vinagre;-;2011;Producao
Borra líquida;-;2011;Producao
Borra seca;-;2011;Producao
Vinho Composto;-;2011;Producao
Pisco;-;2011;Producao
Vinho orgânico;5.600;2011;Producao
Espumante orgânico;-;2011;Producao
Destilado alcoólico simples de bagaceira;-;2011;Producao
Vinho acidificado;-;2011;Producao
Mosto parcialmente fermentado;-;2011;Producao
Outros derivados;-;2011;Producao
Total;460.552.267;2011;Producao
VINHO DE MESA;212.777.037;2012;Producao
Tinto;175.875.432;2012;Producao
Branco;34.938.249;2012;Producao
Rosado;1.963.356;2012;Producao
VINHO FINO DE MESA (VINIFERA);45.200.730;2012;Producao
Tinto;24.027.589;2012;Producao
Branco;20.647.238;2012;Producao
Rosado;525.903;2012;Producao
SUCO;70.066.732;2012;Producao
Suco de uva integral;31.908.829;2012;Producao
Suco de uva concentrado;37.624.855;2012;Producao
Suco de uva adoçado;533.048;2012;Producao
Suco de uva orgânico;-;2012;Producao
Suco de uva reconstituído;-;2012;Producao
DERIVADOS;100.757.101;2012;Producao
Espumante;17.200;2012;Producao
Espumante moscatel;139.775;2012;Producao
Base espumante;-;2012;Producao
Base espumante moscatel;2.798.908;2012;Producao
Base Champenoise champanha;369.278;2012;Producao
Base Charmat champanha;479.625;2012;Producao
Bebida de uva;-;2012;Producao
Polpa de uva;2.797.665;2012;Producao
Mosto simples;93.341.575;2012;Producao
Mosto concentrado;-;2012;Producao
Mosto de uva com bagaço;-;2012;Producao
Mosto dessulfitado;-;2012;Producao
Mistelas;200;2012;Producao
Néctar de uva;-;2012;Producao
Licorosos;26.775;2012;Producao
Compostos;7.600;2012;Producao
Jeropiga;-;2012;Producao
Filtrado;-;2012;Producao
Frisante;778.500;2012;Producao
Vinho leve;-;2012;Producao
Vinho licoroso;-;2012;Producao
Brandy;-;2012;Producao
Destilado;-;2012;Producao
Bagaceira;-;2012;Producao
Licor de bagaceira;-;2012;Producao
Vinagre;-;2012;Producao
Borra líquida;-;2012;Producao
Borra seca;-;2012;Producao
Vinho Composto;-;2012;Producao
Pisco;-;2012;Producao
Vinho orgânico;-;2012;Producao
Espumante orgânico;-;2012;Producao
Destilado alcoólico simples de bagaceira;-;2012;Producao
Vinho acidificado;-;2012;Producao
Mosto parcialmente fermentado;-;2012;Producao
Outros derivados;-;2012;Producao
Total;428.801.600;2012;Producao
VINHO DE MESA;196.904.222;2013;Producao
Tinto;163.111.797;2013;Producao
Branco;32.066.403;2013;Producao
Rosado;1.726.022;2013;Producao
VINHO FINO DE MESA (VINIFERA);45.782.530;2013;Producao
Tinto;23.156.458;2013;Producao
Branco;21.906.349;2013;Producao
Rosado;719.723;2013;Producao
SUCO;64.879.790;2013;Producao
Suco de uva integral;33.673.396;2013;Producao
Suco de uva concentrado;31.206.394;2013;Producao
Suco de uva adoçado;-;2013;Producao
Suco de uva orgânico;-;2013;Producao
Suco de uva reconstituído;-;2013;Producao
DERIVADOS;64.072.127;2013;Producao
Espumante;30.275;2013;Producao
Espumante moscatel;159.781;2013;Producao
Base espumante;-;2013;Producao
Base espumante moscatel;1.470.700;2013;Producao
Base Champenoise champanha;359.617;2013;Producao
Base Charmat champanha;624.728;2013;Producao
Bebida de uva;4.260;2013;Producao
Polpa de uva;1.742.152;2013;Producao
Mosto simples;58.517.506;2013;Producao
Mosto concentrado;-;2013;Producao
Mosto de uva com bagaço;-;2013;Producao
Mosto dessulfitado;-;2013;Producao
Mistelas;2.500;2013;Producao
Néctar de uva;10.000;2013;Producao
Licorosos;-;2013;Producao
Compostos;-;2013;Producao
Jeropiga;-;2013;Producao
Filtrado;-;2013;Producao
Frisante;1.009.000;2013;Producao
Vinho leve;-;2013;Producao
Vinho licoroso;100;2013;Producao
Brandy;-;2013;Producao
Destilado;-;2013;Producao
Bagaceira;-;2013;Producao
Licor de bagaceira;-;2013;Producao
Vinagre;-;2013;Producao
Borra líquida;63.111;2013;Producao
Borra seca;78.397;2013;Producao
Vinho Composto;-;2013;Producao
Pisco;-;2013;Producao
Vinho orgânico;-;2013;Producao
Espumante orgânico;-;2013;Producao
Destilado alcoólico simples de bagaceira;-;2013;Producao
Vinho acidificado;-;2013;Producao
Mosto parcialmente fermentado;-;2013;Producao
Outros derivados;-;2013;Producao
Total;371.638.669;2013;Producao
VINHO DE MESA;196.173.123;2014;Producao
Tinto;157.776.363;2014;Producao
Branco;37.438.069;2014;Producao
Rosado;958.691;2014;Producao
VINHO FINO DE MESA (VINIFERA);38.464.314;2014;Producao
Tinto;17.208.996;2014;Producao
Branco;20.054.804;2014;Producao
Rosado;1.200.514;2014;Producao
SUCO;76.723.537;2014;Producao
Suco de uva integral;43.331.223;2014;Producao
Suco de uva concentrado;33.392.314;2014;Producao
Suco de uva adoçado;-;2014;Producao
Suco de uva orgânico;-;2014;Producao
Suco de uva reconstituído;-;2014;Producao
DERIVADOS;62.907.281;2014;Producao
Espumante;2.700;2014;Producao
Espumante moscatel;100.000;2014;Producao
Base espumante;-;2014;Producao
Base espumante moscatel;1.808.044;2014;Producao
Base Champenoise champanha;234.725;2014;Producao
Base Charmat champanha;376.968;2014;Producao
Bebida de uva;3.860;2014;Producao
Polpa de uva;2.484.000;2014;Producao
Mosto simples;57.582.195;2014;Producao
Mosto concentrado;-;2014;Producao
Mosto de uva com bagaço;-;2014;Producao
Mosto dessulfitado;-;2014;Producao
Mistelas;1.000;2014;Producao
Néctar de uva;1.140;2014;Producao
Licorosos;-;2014;Producao
Compostos;-;2014;Producao
Jeropiga;-;2014;Producao
Filtrado;-;2014;Producao
Frisante;26.069;2014;Producao
Vinho leve;-;2014;Producao
Vinho licoroso;36.000;2014;Producao
Brandy;-;2014;Producao
Destilado;-;2014;Producao
Bagaceira;-;2014;Producao
Licor de bagaceira;-;2014;Producao
Vinagre;53.776;2014;Producao
Borra líquida;50.954;2014;Producao
Borra seca;142.850;2014;Producao
Vinho Composto;3.000;2014;Producao
Pisco;-;2014;Producao
Vinho orgânico;-;2014;Producao
Espumante orgânico;-;2014;Producao
Destilado alcoólico simples de bagaceira;-;2014;Producao
Vinho acidificado;-;2014;Producao
Mosto parcialmente fermentado;-;2014;Producao
Outros derivados;-;2014;Producao
Total;374.268.255;2014;Producao
VINHO DE MESA;210.308.560;2015;Producao
Tinto;169.811.472;2015;Producao
Branco;39.557.250;2015;Producao
Rosado;939.838;2015;Producao
VINHO FINO DE MESA (VINIFERA);37.148.982;2015;Producao
Tinto;16.745.896;2015;Producao
Branco;19.561.966;2015;Producao
Rosado;841.120;2015;Producao
SUCO;87.894.468;2015;Producao
Suco de uva integral;52.233.155;2015;Producao
Suco de uva concentrado;35.661.313;2015;Producao
Suco de uva adoçado;-;2015;Producao
Suco de uva orgânico;-;2015;Producao
Suco de uva reconstituído;-;2015;Producao
DERIVADOS;107.349.704;2015;Producao
Espumante;23.750;2015;Producao
Espumante moscatel;110.100;2015;Producao
Base espumante;-;2015;Producao
Base espumante moscatel;1.607.727;2015;Producao
Base Champenoise champanha;605.001;2015;Producao
Base Charmat champanha;1.466.259;2015;Producao
Bebida de uva;922;2015;Producao
Polpa de uva;2.371.140;2015;Producao
Mosto simples;100.911.592;2015;Producao
Mosto concentrado;-;2015;Producao
Mosto de uva com bagaço;-;2015;Producao
Mosto dessulfitado;-;2015;Producao
Mistelas;-;2015;Producao
Néctar de uva;1.000;2015;Producao
Licorosos;-;2015;Producao
Compostos;-;2015;Producao
Jeropiga;-;2015;Producao
Filtrado;-;2015;Producao
Frisante;-;2015;Producao
Vinho leve;-;2015;Producao
Vinho licoroso;56.000;2015;Producao
Brandy;-;2015;Producao
Destilado;-;2015;Producao
Bagaceira;1.350;2015;Producao
Licor de bagaceira;-;2015;Producao
Vinagre;25.800;2015;Producao
Borra líquida;48.833;2015;Producao
Borra seca;120.230;2015;Producao
Vinho Composto;-;2015;Producao
Pisco;-;2015;Producao
Vinho orgânico;-;2015;Producao
Espumante orgânico;-;2015;Producao
Destilado alcoólico simples de bagaceira;-;2015;Producao
Vinho acidificado;-;2015;Producao
Mosto parcialmente fermentado;-;2015;Producao
Outros derivados;-;2015;Producao
Total;442.701.714;2015;Producao
VINHO DE MESA;86.319.015;2016;Producao
Tinto;75.279.191;2016;Producao
Branco;10.727.099;2016;Producao
Rosado;312.725;2016;Producao
VINHO FINO DE MESA (VINIFERA);18.070.626;2016;Producao
Tinto;8.774.847;2016;Producao
Branco;8.705.066;2016;Producao
Rosado;590.713;2016;Producao
SUCO;42.210.389;2016;Producao
Suco de uva integral;31.117.869;2016;Producao
Suco de uva concentrado;11.092.520;2016;Producao
Suco de uva adoçado;-;2016;Producao
Suco de uva orgânico;-;2016;Producao
Suco de uva reconstituído;-;2016;Producao
DERIVADOS;53.950.314;2016;Producao
Espumante;1.500;2016;Producao
Espumante moscatel;100.000;2016;Producao
Base espumante;-;2016;Producao
Base espumante moscatel;1.325.700;2016;Producao
Base Champenoise champanha;740.395;2016;Producao
Base Charmat champanha;250.280;2016;Producao
Bebida de uva;3.474;2016;Producao
Polpa de uva;1.620.430;2016;Producao
Mosto simples;49.770.993;2016;Producao
Mosto concentrado;-;2016;Producao
Mosto de uva com bagaço;-;2016;Producao
Mosto dessulfitado;-;2016;Producao
Mistelas;-;2016;Producao
Néctar de uva;-;2016;Producao
Licorosos;-;2016;Producao
Compostos;-;2016;Producao
Jeropiga;-;2016;Producao
Filtrado;-;2016;Producao
Frisante;-;2016;Producao
Vinho leve;-;2016;Producao
Vinho licoroso;24.200;2016;Producao
Brandy;-;2016;Producao
Destilado;-;2016;Producao
Bagaceira;1.000;2016;Producao
Licor de bagaceira;-;2016;Producao
Vinagre;5.000;2016;Producao
Borra líquida;24.975;2016;Producao
Borra seca;82.367;2016;Producao
Vinho Composto;-;2016;Producao
Pisco;-;2016;Producao
Vinho orgânico;-;2016;Producao
Espumante orgânico;-;2016;Producao
Destilado alcoólico simples de bagaceira;-;2016;Producao
Vinho acidificado;-;2016;Producao
Mosto parcialmente fermentado;-;2016;Producao
Outros derivados;-;2016;Producao
Total;200.550.344;2016;Producao
VINHO DE MESA;255.015.187;2017;Producao
Tinto;1.365.957;2017;Producao
Branco;217.527.985;2017;Producao
Rosado;36.121.245;2017;Producao
VINHO FINO DE MESA (VINIFERA);44.537.870;2017;Producao
Tinto;21.442.212;2017;Producao
Branco;21.928.400;2017;Producao
Rosado;1.167.258;2017;Producao
SUCO;77.161.971;2017;Producao
Suco de uva integral;46.865.626;2017;Producao
Suco de uva concentrado;30.059.271;2017;Producao
Suco de uva adoçado;177.774;2017;Producao
Suco de uva orgânico;-;2017;Producao
Suco de uva reconstituído;59.300;2017;Producao
DERIVADOS;109.116.761;2017;Producao
Espumante;11.280;2017;Producao
Espumante moscatel;152.375;2017;Producao
Base espumante;-;2017;Producao
Base espumante moscatel;1.965.629;2017;Producao
Base Champenoise champanha;1.552.403;2017;Producao
Base Charmat champanha;893.364;2017;Producao
Bebida de uva;-;2017;Producao
Polpa de uva;2.507.125;2017;Producao
Mosto simples;101.010.116;2017;Producao
Mosto concentrado;-;2017;Producao
Mosto de uva com bagaço;772.110;2017;Producao
Mosto dessulfitado;-;2017;Producao
Mistelas;1.500;2017;Producao
Néctar de uva;3.000;2017;Producao
Licorosos;110.820;2017;Producao
Compostos;-;2017;Producao
Jeropiga;-;2017;Producao
Filtrado;-;2017;Producao
Frisante;-;2017;Producao
Vinho leve;-;2017;Producao
Vinho licoroso;110.820;2017;Producao
Brandy;-;2017;Producao
Destilado;-;2017;Producao
Bagaceira;900;2017;Producao
Licor de bagaceira;-;2017;Producao
Vinagre;25.319;2017;Producao
Borra líquida;-;2017;Producao
Borra seca;-;2017;Producao
Vinho Composto;-;2017;Producao
Pisco;-;2017;Producao
Vinho orgânico;-;2017;Producao
Espumante orgânico;-;2017;Producao
Destilado alcoólico simples de bagaceira;-;2017;Producao
Vinho acidificado;-;2017;Producao
Mosto parcialmente fermentado;-;2017;Producao
Outros derivados;-;2017;Producao
Total;485.831.789;2017;Producao
VINHO DE MESA;218.375.636;2018;Producao
Tinto;188.270.142;2018;Producao
Branco;29.229.970;2018;Producao
Rosado;875.524;2018;Producao
VINHO FINO DE MESA (VINIFERA);38.707.220;2018;Producao
Tinto;19.118.254;2018;Producao
Branco;18.297.257;2018;Producao
Rosado;1.291.709;2018;Producao
SUCO;65.467.906;2018;Producao
Suco de uva integral;34.367.996;2018;Producao
Suco de uva concentrado;31.099.910;2018;Producao
Suco de uva adoçado;-;2018;Producao
Suco de uva orgânico;-;2018;Producao
Suco de uva reconstituído;-;2018;Producao
DERIVADOS;95.202.101;2018;Producao
Espumante;68.500;2018;Producao
Espumante moscatel;326.200;2018;Producao
Base espumante;-;2018;Producao
Base espumante moscatel;1.320.650;2018;Producao
Base Champenoise champanha;228.518;2018;Producao
Base Charmat champanha;1.746.540;2018;Producao
Bebida de uva;-;2018;Producao
Polpa de uva;2.112.683;2018;Producao
Mosto simples;88.910.980;2018;Producao
Mosto concentrado;-;2018;Producao
Mosto de uva com bagaço;-;2018;Producao
Mosto dessulfitado;-;2018;Producao
Mistelas;2.000;2018;Producao
Néctar de uva;-;2018;Producao
Licorosos;-;2018;Producao
Compostos;-;2018;Producao
Jeropiga;-;2018;Producao
Filtrado;-;2018;Producao
Frisante;-;2018;Producao
Vinho leve;8.000;2018;Producao
Vinho licoroso;124.303;2018;Producao
Brandy;-;2018;Producao
Destilado;680;2018;Producao
Bagaceira;2.100;2018;Producao
Licor de bagaceira;-;2018;Producao
Vinagre;25.367;2018;Producao
Borra líquida;255.100;2018;Producao
Borra seca;70.480;2018;Producao
Vinho Composto;-;2018;Producao
Pisco;-;2018;Producao
Vinho orgânico;-;2018;Producao
Espumante orgânico;-;2018;Producao
Destilado alcoólico simples de bagaceira;-;2018;Producao
Vinho acidificado;-;2018;Producao
Mosto parcialmente fermentado;-;2018;Producao
Outros derivados;-;2018;Producao
Total;417.752.863;2018;Producao
VINHO DE MESA;144.629.737;2019;Producao
Tinto;121.045.115;2019;Producao
Branco;22.032.828;2019;Producao
Rosado;1.551.794;2019;Producao
VINHO FINO DE MESA (VINIFERA);37.615.422;2019;Producao
Tinto;17.389.377;2019;Producao
Branco;18.193.055;2019;Producao
Rosado;2.032.990;2019;Producao
SUCO;77.805.352;2019;Producao
Suco de uva integral;50.239.767;2019;Producao
Suco de uva concentrado;26.861.009;2019;Producao
Suco de uva adoçado;120.320;2019;Producao
Suco de uva orgânico;-;2019;Producao
Suco de uva reconstituído;584.256;2019;Producao
DERIVADOS;142.888.747;2019;Producao
Espumante;52.176;2019;Producao
Espumante moscatel;515.800;2019;Producao
Base espumante;-;2019;Producao
Base espumante moscatel;1.962.443;2019;Producao
Base Champenoise champanha;274.903;2019;Producao
Base Charmat champanha;1.188.095;2019;Producao
Bebida de uva;-;2019;Producao
Polpa de uva;1.480.269;2019;Producao
Mosto simples;135.614.344;2019;Producao
Mosto concentrado;-;2019;Producao
Mosto de uva com bagaço;645.816;2019;Producao
Mosto dessulfitado;1.000;2019;Producao
Mistelas;3.000;2019;Producao
Néctar de uva;32.519;2019;Producao
Licorosos;-;2019;Producao
Compostos;-;2019;Producao
Jeropiga;-;2019;Producao
Filtrado;-;2019;Producao
Frisante;-;2019;Producao
Vinho leve;-;2019;Producao
Vinho licoroso;99.485;2019;Producao
Brandy;-;2019;Producao
Destilado;-;2019;Producao
Bagaceira;10.495;2019;Producao
Licor de bagaceira;1.507;2019;Producao
Vinagre;76.096;2019;Producao
Borra líquida;901.431;2019;Producao
Borra seca;25.996;2019;Producao
Vinho Composto;-;2019;Producao
Pisco;3.372;2019;Producao
Vinho orgânico;-;2019;Producao
Espumante orgânico;-;2019;Producao
Destilado alcoólico simples de bagaceira;-;2019;Producao
Vinho acidificado;-;2019;Producao
Mosto parcialmente fermentado;-;2019;Producao
Outros derivados;-;2019;Producao
Total;402.939.258;2019;Producao
VINHO DE MESA;124.200.414;2020;Producao
Tinto;103.916.391;2020;Producao
Branco;19.568.734;2020;Producao
Rosado;715.289;2020;Producao
VINHO FINO DE MESA (VINIFERA);32.516.686;2020;Producao
Tinto;15.451.883;2020;Producao
Branco;15.487.915;2020;Producao
Rosado;1.576.888;2020;Producao
SUCO;69.261.287;2020;Producao
Suco de uva integral;40.718.523;2020;Producao
Suco de uva concentrado;27.963.865;2020;Producao
Suco de uva adoçado;107.289;2020;Producao
Suco de uva orgânico;471.610;2020;Producao
Suco de uva reconstituído;-;2020;Producao
DERIVADOS;92.533.804;2020;Producao
Espumante;32.399;2020;Producao
Espumante moscatel;689.139;2020;Producao
Base espumante;-;2020;Producao
Base espumante moscatel;3.006.705;2020;Producao
Base Champenoise champanha;200.777;2020;Producao
Base Charmat champanha;2.487.939;2020;Producao
Bebida de uva;-;2020;Producao
Polpa de uva;1.803.472;2020;Producao
Mosto simples;80.355.474;2020;Producao
Mosto concentrado;-;2020;Producao
Mosto de uva com bagaço;3.078.256;2020;Producao
Mosto dessulfitado;5.000;2020;Producao
Mistelas;-;2020;Producao
Néctar de uva;46.000;2020;Producao
Licorosos;-;2020;Producao
Compostos;-;2020;Producao
Jeropiga;2.000;2020;Producao
Filtrado;-;2020;Producao
Frisante;-;2020;Producao
Vinho leve;-;2020;Producao
Vinho licoroso;48.678;2020;Producao
Brandy;-;2020;Producao
Destilado;-;2020;Producao
Bagaceira;-;2020;Producao
Licor de bagaceira;5.800;2020;Producao
Vinagre;10.000;2020;Producao
Borra líquida;509.378;2020;Producao
Borra seca;167.587;2020;Producao
Vinho Composto;-;2020;Producao
Pisco;1.000;2020;Producao
Vinho orgânico;18.700;2020;Producao
Espumante orgânico;-;2020;Producao
Destilado alcoólico simples de bagaceira;500;2020;Producao
Vinho acidificado;65.000;2020;Producao
Mosto parcialmente fermentado;-;2020;Producao
Outros derivados;-;2020;Producao
Total;318.512.191;2020;Producao
VINHO DE MESA;173.899.995;2021;Producao
Tinto;146.075.996;2021;Producao
Branco;26.432.799;2021;Producao
Rosado;1.391.200;2021;Producao
VINHO FINO DE MESA (VINIFERA);43.474.998;2021;Producao
Tinto;20.433.249;2021;Producao
Branco;20.867.999;2021;Producao
Rosado;2.173.750;2021;Producao
SUCO;100.932.264;2021;Producao
Suco de uva integral;68.038.479;2021;Producao
Suco de uva concentrado;32.131.218;2021;Producao
Suco de uva adoçado;40.450;2021;Producao
Suco de uva orgânico;722.117;2021;Producao
Suco de uva reconstituído;-;2021;Producao
DERIVADOS;169.031.493;2021;Producao
Espumante;70.091;2021;Producao
Espumante moscatel;11.950;2021;Producao
Base espumante;5.475.049;2021;Producao
Base espumante moscatel;5.549.471;2021;Producao
Base Champenoise champanha;-;2021;Producao
Base Charmat champanha;-;2021;Producao
Bebida de uva;2.000;2021;Producao
Polpa de uva;1.180.578;2021;Producao
Mosto simples;153.579.926;2021;Producao
Mosto concentrado;-;2021;Producao
Mosto de uva com bagaço;618.764;2021;Producao
Mosto dessulfitado;1.532.000;2021;Producao
Mistelas;2.500;2021;Producao
Néctar de uva;18.187;2021;Producao
Licorosos;-;2021;Producao
Compostos;-;2021;Producao
Jeropiga;3.540;2021;Producao
Filtrado;-;2021;Producao
Frisante;1.390;2021;Producao
Vinho leve;-;2021;Producao
Vinho licoroso;30.000;2021;Producao
Brandy;120;2021;Producao
Destilado;-;2021;Producao
Bagaceira;12.060;2021;Producao
Licor de bagaceira;-;2021;Producao
Vinagre;7.500;2021;Producao
Borra líquida;116.450;2021;Producao
Borra seca;16.789;2021;Producao
Vinho Composto;160.000;2021;Producao
Pisco;-;2021;Producao
Vinho orgânico;93.884;2021;Producao
Espumante orgânico;2.412;2021;Producao
Destilado alcoólico simples de bagaceira;3.000;2021;Producao
Vinho acidificado;-;2021;Producao
Mosto parcialmente fermentado;543.510;2021;Producao
Outros derivados;322;2021;Producao
Total;487.338.750;2021;Producao
VINHO DE MESA;195.031.611;2022;Producao
Tinto;162.844.214;2022;Producao
Branco;30.198.430;2022;Producao
Rosado;1.988.968;2022;Producao
VINHO FINO DE MESA (VINIFERA);47.511.796;2022;Producao
Tinto;24.417.918;2022;Producao
Branco;20.896.613;2022;Producao
Rosado;2.197.265;2022;Producao
SUCO;65.809.079;2022;Producao
Suco de uva integral;35.248.305;2022;Producao
Suco de uva concentrado;29.892.550;2022;Producao
Suco de uva adoçado;79.130;2022;Producao
Suco de uva orgânico;589.094;2022;Producao
Suco de uva reconstituído;-;2022;Producao
DERIVADOS;138.501.226;2022;Producao
Espumante;70.759;2022;Producao
Espumante moscatel;27.200;2022;Producao
Base espumante;-;2022;Producao
Base espumante moscatel;6.308.043;2022;Producao
Base Champenoise champanha;1.146.717;2022;Producao
Base Charmat champanha;4.078.766;2022;Producao
Bebida de uva;-;2022;Producao
Polpa de uva;387.886;2022;Producao
Mosto simples;126.048.241;2022;Producao
Mosto concentrado;-;2022;Producao
Mosto de uva com bagaço;-;2022;Producao
Mosto dessulfitado;-;2022;Producao
Mistelas;-;2022;Producao
Néctar de uva;-;2022;Producao
Licorosos;-;2022;Producao
Compostos;-;2022;Producao
Jeropiga;5.000;2022;Producao
Filtrado;-;2022;Producao
Frisante;-;2022;Producao
Vinho leve;-;2022;Producao
Vinho licoroso;67.000;2022;Producao
Brandy;-;2022;Producao
Destilado;-;2022;Producao
Bagaceira;4.998;2022;Producao
Licor de bagaceira;-;2022;Producao
Vinagre;16.200;2022;Producao
Borra líquida;-;2022;Producao
Borra seca;-;2022;Producao
Vinho Composto;-;2022;Producao
Pisco;-;2022;Producao
Vinho orgânico;88.890;2022;Producao
Espumante orgânico;-;2022;Producao
Destilado alcoólico simples de bagaceira;4.300;2022;Producao
Vinho acidificado;-;2022;Producao
Mosto parcialmente fermentado;-;2022;Producao
Outros derivados;247.228;2022;Producao
Total;446.853.712;2022;Producao
VINHO DE MESA;169.762.429;2023;Producao
Tinto;139.320.884;2023;Producao
Branco;27.910.299;2023;Producao
Rosado;2.531.246;2023;Producao
VINHO FINO DE MESA (VINIFERA);46.268.556;2023;Producao
Tinto;23.615.783;2023;Producao
Branco;20.693.437;2023;Producao
Rosado;1.959.336;2023;Producao
SUCO;67.045.238;2023;Producao
Suco de uva integral;38.122.173;2023;Producao
Suco de uva concentrado;28.216.760;2023;Producao
Suco de uva adoçado;94.587;2023;Producao
Suco de uva orgânico;611.718;2023;Producao
Suco de uva reconstituído;-;2023;Producao
DERIVADOS;174.716.647;2023;Producao
Espumante;65.525;2023;Producao
Espumante moscatel;14.744;2023;Producao
Base espumante;-;2023;Producao
Base espumante moscatel;6.734.590;2023;Producao
Base Champenoise champanha;1.552.243;2023;Producao
Base Charmat champanha;5.418.118;2023;Producao
Bebida de uva;1.627;2023;Producao
Polpa de uva;1.388.251;2023;Producao
Mosto simples;157.848.983;2023;Producao
Mosto concentrado;-;2023;Producao
Mosto de uva com bagaço;7.784;2023;Producao
Mosto dessulfitado;-;2023;Producao
Mistelas;600;2023;Producao
Néctar de uva;70.976;2023;Producao
Licorosos;-;2023;Producao
Compostos;-;2023;Producao
Jeropiga;4.500;2023;Producao
Filtrado;-;2023;Producao
Frisante;-;2023;Producao
Vinho leve;-;2023;Producao
Vinho licoroso;73.600;2023;Producao
Brandy;450;2023;Producao
Destilado;-;2023;Producao
Bagaceira;-;2023;Producao
Licor de bagaceira;-;2023;Producao
Vinagre;9.000;2023;Producao
Borra líquida;758.140;2023;Producao
Borra seca;17.200;2023;Producao
Vinho Composto;-;2023;Producao
Pisco;-;2023;Producao
Vinho orgânico;94.150;2023;Producao
Espumante orgânico;1.365;2023;Producao
Destilado alcoólico simples de bagaceira;-;2023;Producao
Vinho acidificado;2.500;2023;Producao
Mosto parcialmente fermentado;-;2023;Producao
Outros derivados;652.301;2023;Producao
Total;457.792.870;2023;Producao
